reference_id,price,property_type,location,surface_area,rooms,bedrooms,agency_name,agent_name,phone_number,email,coordinates,dpe_rating,source_url,source_domain
VA2299,,appartement,Begles 33130,2,1,0,RH Patrimoine,Patrimoine Rh,0664234441,,,,"https://rhpatrimoine.com/vente/appartement-t1-1-piece-begles-33130,VA2299",rhpatrimoine.com
LA2966,,appartement,Bordeaux 33000,6,1,0,RH Patrimoine,Patrimoine Rh,0664234441,,,,"https://rhpatrimoine.com/location/appartement-t1-1-piece-bordeaux-33000,LA2966",rhpatrimoine.com
VA2340,,appartement,Bordeaux 33000,,1,0,RH Patrimoine,Patrimoine Rh,0664234441,,,,"https://rhpatrimoine.com/vente/appartement-t1-1-piece-bordeaux-33000,VA2340",rhpatrimoine.com
VA2286,,appartement,Bordeaux 33000,,1,0,RH Patrimoine,Patrimoine Rh,0664234441,,,,"https://rhpatrimoine.com/vente/appartement-t1-1-piece-bordeaux-33000,VA2286",rhpatrimoine.com
VA2956,,appartement,Bordeaux 33000,,1,0,RH Patrimoine,Patrimoine Rh,0664234441,,,,"https://rhpatrimoine.com/vente/appartement-t1-1-piece-bordeaux-33000,VA2956",rhpatrimoine.com
39203967,455800,appartement,EXCLU 06300,35.87,2,1,NESTENN Nice Port,Nice Port Nestenn,0493269095,nice-port@nestenn.com,"43.689502716064, 7.296032905579",D,https://immobilier-nice-port.nestenn.com/appartement-nice-mont-boron-nice-french-riviera-2-piece-s-35-87-m2-avec-acces-piscine-ref-39203967,nestenn.com
39274698,149000,appartement,Nice,39,2,1,NESTENN Nice Port,Nice Port Nestenn,0493269095,nice-port@nestenn.com,"43.700714111328, 7.288052082062",E,https://immobilier-nice-port.nestenn.com/a-vendre-appartement-t2-a-nice-secteur-le-port-vendu-loue-ref-39274698,nestenn.com
39505827,345000,appartement,Antibes,51,2,1,NESTENN Nice Port,Nice Port Nestenn,0483157041,antibes@nestenn.com,"43.597952732506, 7.089172729912",C,https://immobilier-antibes-juanlespins.nestenn.com/appartement-2-pieces-a-vendre-a-antibes-terriers-ref-39505827,nestenn.com
39395213,410000,appartement,Antibes Le Puy,63,3,2,NESTENN Nice Port,Nice Port Nestenn,0483157041,antibes@nestenn.com,"43.589316796596, 7.111495543187",C,https://immobilier-antibes-juanlespins.nestenn.com/a-vendre-appartement-3-pieces-a-antibes-le-puy-ref-39395213,nestenn.com
39416895,455800,appartement,Nice,68,3,2,NESTENN Nice Port,Nice Port Nestenn,0493269095,nice-port@nestenn.com,"43.698852539062, 7.287333965302",D,https://immobilier-nice-port.nestenn.com/appartement-3-pieces-a-vendre-a-nice-vue-degagee-terrasse-et-garage-en-sus-ref-39416895,nestenn.com
39408465,320000,appartement,Antibes,25,3,2,NESTENN Nice Port,Nice Port Nestenn,0483157041,antibes@nestenn.com,"43.56804451093, 7.118237646968",C,https://immobilier-antibes-juanlespins.nestenn.com/a-vendre-appartement-3-pieces-a-antibes-575250-e-ref-39408465,nestenn.com
39400105,695000,maison,EXCLU 06600,96,4,3,NESTENN Nice Port,Nice Port Nestenn,0483055231,peymeinade@nestenn.com,"43.700943817393, 7.179424892172",,https://immobilier-peymeinade.nestenn.com/saint-laurent-du-var-maison-recente-t4-de-96-m-avec-exterieur-et-piscine-ref-39400105,nestenn.com
39360750,345000,appartement,Antibes,73,4,3,NESTENN Nice Port,Nice Port Nestenn,0483157041,antibes@nestenn.com,"43.590831115975, 7.110853835808",C,https://immobilier-antibes-juanlespins.nestenn.com/a-vendre-appartement-4-pieces-a-antibes-puy-ref-39360750,nestenn.com
39355930,275000,appartement,Antibes,61,3,2,NESTENN Nice Port,Nice Port Nestenn,0483157041,antibes@nestenn.com,"43.571096870881, 7.112069633025",C,https://immobilier-antibes-juanlespins.nestenn.com/a-vendre-appartement-3-pieces-a-antibes-ref-39355930,nestenn.com
39324550,280000,appartement,Antibes,67,3,2,NESTENN Nice Port,Nice Port Nestenn,0483157041,antibes@nestenn.com,"43.58369025448, 7.103214652746",C,https://immobilier-antibes-juanlespins.nestenn.com/a-vendre-appartement-3-pieces-avec-piscine-a-antibes-peyregoue-ref-39324550,nestenn.com
39473398,455800,appartement,Nice Riquier,73,4,3,NESTENN Nice Port,Nice Port Nestenn,0493269095,nice-port@nestenn.com,"43.70407486, 7.29148865",C,https://immobilier-nice-port.nestenn.com/appartement-4-pieces-avec-terrasse-et-parking-en-sus-a-vendre-a-nice-riquier-vue-degagee-calme-et-lu-ref-39473398,nestenn.com
39273115,212000,,Saint-Lys 31470,36,2,0,NESTENN Nice Port,Nice Port Nestenn,0493656760,vallauris@nestenn.com,"43.566197620967, 7.11171175327",,https://immobilier-golfe-juan.nestenn.com/emplacement-n-1-bord-de-mer-renommee-historique-petite-restauration-vente-a-emporter-ref-39273115,nestenn.com
39339036,318000,parking,EXCLU 06300,82,4,3,NESTENN Nice Port,Nice Port Nestenn,0493269095,nice-port@nestenn.com,"43.710681915283, 7.256769180298",D,https://immobilier-nice-port.nestenn.com/a-vendre-4-pieces-liberation-tres-beau-potentiel-parking-en-sus-ref-39339036,nestenn.com
39432568,259000,maison,EXCLU 06220,40,3,2,NESTENN Nice Port,Nice Port Nestenn,0493656760,vallauris@nestenn.com,"43.632093589893, 7.129192191968",C,https://immobilier-golfe-juan.nestenn.com/maison-jardin-piscine-ref-39432568,nestenn.com
39431035,455800,appartement,Nice Riquier,93,4,3,NESTENN Nice Port,Nice Port Nestenn,0493269095,nice-port@nestenn.com,"43.70002365, 7.29166031",D,https://immobilier-nice-port.nestenn.com/appartement-4-pieces-a-vendre-a-nice-riquier-emplacement-d-exception-ref-39431035,nestenn.com
39461413,475000,terrain,EXCLU 06250,1788,,0,NESTENN Nice Port,Nice Port Nestenn,0493656760,vallauris@nestenn.com,"43.680116096195, 7.032178798374",,https://immobilier-golfe-juan.nestenn.com/terrain-constructible-1788m2-expose-plein-sud-roquefort-les-pins-ref-39461413,nestenn.com
39484346,128000,appartement,Nice,17,1,1,NESTENN Nice Port,Nice Port Nestenn,0493269095,nice-port@nestenn.com,"43.712215423584, 7.295637130737",C,https://immobilier-nice-port.nestenn.com/appartement-studio-a-vendre-a-nice-quartier-bischoffsheim-ideal-investissement-saisonnier-ref-39484346,nestenn.com
39503210,154255,studio,EXCLU 06000,22,1,0,NESTENN Nice Port,Nice Port Nestenn,0493269095,nice-port@nestenn.com,"43.704883575439, 7.250703811646",E,https://immobilier-nice-port.nestenn.com/nice-parc-imperial-beau-studio-de-21-m-ref-39503210,nestenn.com
39428157,990000,,Saint-Lys 31470,0,,0,NESTENN Nice Port,Nice Port Nestenn,0493269095,nice-port@nestenn.com,"43.806285858154, 7.368221282959",,https://immobilier-nice-port.nestenn.com/nouveaute-bar-tabac-loto-pmu-cave-a-vins-affaire-de-qualite-coup-de-coeur-ref-39428157,nestenn.com
39344223,281900,,EXCLU 06000,68,3,2,NESTENN Nice Port,Nice Port Nestenn,0493269095,nice-port@nestenn.com,"43.707256317139, 7.292131900787",B,https://immobilier-nice-port.nestenn.com/a-vendre-tres-beau-3-pieces-de-68m-avec-terrasse-situe-nice-riquier-ref-39344223,nestenn.com
39434006,134400,,Port de Nice,11,1,0,NESTENN Nice Port,Nice Port Nestenn,0493269095,nice-port@nestenn.com,"43.698436737061, 7.287808895111",D,https://immobilier-nice-port.nestenn.com/studette-ideal-locaion-saisonniere-studette-au-port-de-nice-ref-39434006,nestenn.com
,,appartement,,8,1,0,GROUPE BEAUSEJOUR IMMOBILIER ST HERBLAIN BOURG,,0240853232,,,,https://beausejour-immobilier.fr/fiches/0-1-27_56464694/appartement-t1-avec-balcon-et-locataire-en-place.html,beausejour-immobilier.fr
,,duplex,,8,2,1,GROUPE BEAUSEJOUR IMMOBILIER ST HERBLAIN BOURG,,0240853232,,,,https://beausejour-immobilier.fr/fiches/0-1-28_60231944/duplex-t2-lumineux-sur-coueron-38-m2.html,beausejour-immobilier.fr
,,parking,,8,2,1,GROUPE BEAUSEJOUR IMMOBILIER ST HERBLAIN BOURG,,0240853232,,,,https://beausejour-immobilier.fr/fiches/3-33-28_58243371/a-vendre-t2-avec-balcon-parking-ascenseur-residence-recente-beausejour-longchamp.html,beausejour-immobilier.fr
2678bis,299000,appartement,La Teste-de-Buch 33260,81.23,3,2,A2MB IMMO,,0556544578,contact@agencecoullaud.fr,"44.632953644, -1.148286343",,https://agencecoullaud.fr/vente/1-la-teste-de-buch/appartement/39142-a-vendre-appartement-t3-la-teste-de-buch-centre-ville-bassin-d-arcachon,agencecoullaud.fr
,299000,appartement,La Teste-de-Buch 33260,53.53,3,2,A2MB IMMO,,0556544578,contact@agencecoullaud.fr,"44.632953644, -1.148286343",,https://agencecoullaud.fr/vente/1-la-teste-de-buch/appartement/48502-a-vendre-hyper-centre-appartement-t3-la-teste-de-buch-bassin-d-arcachon,agencecoullaud.fr
,399000,appartement,La Teste-de-Buch 33260,85,4,3,A2MB IMMO,,0556544578,contact@agencecoullaud.fr,"44.632953644, -1.148286343",,https://agencecoullaud.fr/vente/1-la-teste-de-buch/appartement/46506-plein-coeur-de-ville-t4,agencecoullaud.fr
,199000,appartement,La Teste-de-Buch 33260,50.05,3,2,A2MB IMMO,,0556544578,contact@agencecoullaud.fr,"44.632953644, -1.148286343",F,https://agencecoullaud.fr/vente/1-la-teste-de-buch/appartement/38755-maison-t3-centre-ville-de-la-teste-de-buch-bassin-d-arcachon,agencecoullaud.fr
,235000,appartement,La Teste-de-Buch 33260,42,2,1,A2MB IMMO,,0556544578,contact@agencecoullaud.fr,"44.632953644, -1.148286343",,https://agencecoullaud.fr/vente/1-la-teste-de-buch/appartement/51223-a-vendre-appartement-t2-avec-balcon-la-teste-de-buch-quartier-du-port,agencecoullaud.fr
,309000,appartement,La Teste-de-Buch 33260,35.06,2,1,A2MB IMMO,,0556544578,contact@agencecoullaud.fr,"44.632953644, -1.148286343",,https://agencecoullaud.fr/vente/21-arcachon/appartement/37116-a-vendre-appartement-t2-avec-jardin-acces-directe-plage-arcachon-bassin-d-arcachon,agencecoullaud.fr
,546000,maison,La Teste-de-Buch 33260,130,4,3,A2MB IMMO,,0556544578,contact@agencecoullaud.fr,"44.632953644, -1.148286343",,https://agencecoullaud.fr/vente/18-biganos/maison/51302-en-lisiere-de-foret-maison-t4-dependance-piscine,agencecoullaud.fr
,679000,appartement,La Teste-de-Buch 33260,128,5,4,A2MB IMMO,,0556544578,contact@agencecoullaud.fr,"44.632953644, -1.148286343",F,https://agencecoullaud.fr/vente/1-la-teste-de-buch/appartement/52447-quartier-des-abatilles-t4-jardin,agencecoullaud.fr
,215000,appartement,La Teste-de-Buch 33260,47.48,2,1,A2MB IMMO,,0556544578,contact@agencecoullaud.fr,"44.632953644, -1.148286343",,https://agencecoullaud.fr/vente/1-la-teste-de-buch/appartement/51299-a-vendre-appartement-t2-avec-balcon-residence-avec-piscine-hyper-centre-gare-et-port-a-pied-la-teste-bass,agencecoullaud.fr
,180000,appartement,La Teste-de-Buch 33260,40.96,2,1,A2MB IMMO,,0556544578,contact@agencecoullaud.fr,"44.632953644, -1.148286343",,https://agencecoullaud.fr/vente/1-la-teste-de-buch/appartement/51301-a-vendre-hyper-centre-tout-a-pied-appartement-t2-la-teste-de-buch-bassin-d-arcachon,agencecoullaud.fr
,325000,maison,La Teste-de-Buch 33260,82.16,3,2,A2MB IMMO,,0556544578,contact@agencecoullaud.fr,"44.632953644, -1.148286343",,https://agencecoullaud.fr/vente/1-la-teste-de-buch/maison/37972-a-vendre-maison-t3-la-teste-de-buch-bassin-d-arcachon,agencecoullaud.fr
,490000,maison,La Teste-de-Buch 33260,100,4,3,A2MB IMMO,,0556544578,contact@agencecoullaud.fr,"44.632953644, -1.148286343",,https://agencecoullaud.fr/vente/1-la-teste-de-buch/maison/30055-a-vendre-maison-neuve-3-chambres-la-teste-de-buch-bassin-d-arcachon,agencecoullaud.fr
,869000,appartement,La Teste-de-Buch 33260,65,3,2,A2MB IMMO,,0556544578,contact@agencecoullaud.fr,"44.632953644, -1.148286343",,https://agencecoullaud.fr/vente/21-arcachon/appartement/52532-appartement-t3-terrasse-parking-au-panoramique,agencecoullaud.fr
,229500,appartement,La Teste-de-Buch 33260,70.03,3,2,A2MB IMMO,,0556544578,contact@agencecoullaud.fr,"44.632953644, -1.148286343",,https://agencecoullaud.fr/vente/51-gradignan/appartement/53031-a-vendre-appartement-t3-lumineux-avec-garage-gradignan,agencecoullaud.fr
,495000,maison,La Teste-de-Buch 33260,123,5,4,A2MB IMMO,,0556544578,contact@agencecoullaud.fr,"44.632953644, -1.148286343",,https://agencecoullaud.fr/vente/1-la-teste-de-buch/maison/47780-a-vendre-maison-de-plain-pied-4-chambres-la-teste-bassin-d-arcachon,agencecoullaud.fr
,672000,maison,La Teste-de-Buch 33260,145,6,4,A2MB IMMO,,0556544578,contact@agencecoullaud.fr,"44.632953644, -1.148286343",,https://agencecoullaud.fr/vente/1-la-teste-de-buch/maison/52350-a-vendre-sur-la-commune-de-la-teste-de-buch-belle-maison-4-chambres-et-bureau-et-piscine-chauffee,agencecoullaud.fr
,699000,maison,La Teste-de-Buch 33260,92.20,4,3,A2MB IMMO,,0556544578,contact@agencecoullaud.fr,"44.632953644, -1.148286343",,https://agencecoullaud.fr/vente/1-la-teste-de-buch/maison/51588-a-vendre-charmante-villa-chaleureuse-et-moderne-3-chambres-vue-paisible-sur-les-pres-sales-quartier-du-por,agencecoullaud.fr
,472000,maison,La Teste-de-Buch 33260,117,7,4,A2MB IMMO,,0556544578,contact@agencecoullaud.fr,"44.632953644, -1.148286343",,https://agencecoullaud.fr/vente/1-la-teste-de-buch/maison/54093-a-vendre-en-zone-artisanale-maison-4-chambres-de-plain-pied-2-chambres-sous-combles-et-hangar-de-100m-sur-u,agencecoullaud.fr
,599000,maison,La Teste-de-Buch 33260,91,4,3,A2MB IMMO,,0556544578,contact@agencecoullaud.fr,"44.632953644, -1.148286343",,https://agencecoullaud.fr/vente/1-la-teste-de-buch/maison/53480-a-vendre-maison-de-plain-pied-3-chambres-avec-piscine-et-garage-double-la-teste-de-buch-bassin-d-arcachon,agencecoullaud.fr
,297000,maison,La Teste-de-Buch 33260,73,4,3,A2MB IMMO,,0556544578,contact@agencecoullaud.fr,"44.632953644, -1.148286343",G,https://agencecoullaud.fr/vente/128-cazaux/maison/39471-a-vendre-maison-3-chambres-superbe-parcelle-de-2117m-la-teste-cazaux-bassin-d-arcachon,agencecoullaud.fr
,499000,maison,La Teste-de-Buch 33260,93.43,4,3,A2MB IMMO,,0556544578,contact@agencecoullaud.fr,"44.632953644, -1.148286343",,https://agencecoullaud.fr/vente/22-gujan-mestras/maison/37670-a-vendre-gujan-maison-de-plain-pied-3-chambres-et-dependance-proche-du-sentier-du-littoral,agencecoullaud.fr
,199000,appartement,La Teste-de-Buch 33260,86,4,3,A2MB IMMO,,0556544578,contact@agencecoullaud.fr,"44.632953644, -1.148286343",,https://agencecoullaud.fr/vente/1-la-teste-de-buch/appartement/32374-a-vendre-appartement-de-type-4-la-teste-de-buch-bassin-d-arcachon,agencecoullaud.fr
,386900,appartement,La Teste-de-Buch 33260,87.02,4,3,A2MB IMMO,,0556544578,contact@agencecoullaud.fr,"44.632953644, -1.148286343",,https://agencecoullaud.fr/vente/1-la-teste-de-buch/appartement/20380-a-vendre-appartement-duplex-la-teste-centre-bassin-d-arcachon,agencecoullaud.fr
,900000,local,La Teste-de-Buch 33260,479,7,6,A2MB IMMO,,0556544578,contact@agencecoullaud.fr,"44.632953644, -1.148286343",,https://agencecoullaud.fr/vente/1-la-teste-de-buch/autre/48409-local-commercial-479m-zone-industrielle-sur-parcelle-de-2582m,agencecoullaud.fr
,386900,maison,La Teste-de-Buch 33260,87.02,4,3,A2MB IMMO,,0556544578,contact@agencecoullaud.fr,"44.632953644, -1.148286343",,https://agencecoullaud.fr/vente/1-la-teste-de-buch/maison/34590-a-vendre-maison-duplex-la-teste-centre-bassin-d-arcachon,agencecoullaud.fr
,549000,maison,La Teste-de-Buch 33260,101,4,3,A2MB IMMO,,0556544578,contact@agencecoullaud.fr,"44.632953644, -1.148286343",,https://agencecoullaud.fr/vente/1-la-teste-de-buch/maison/34746-a-vendre-proche-centre-maison-recente-sans-travaux-la-teste-de-buch-bassin-d-arcachon,agencecoullaud.fr
,614000,maison,La Teste-de-Buch 33260,119.78,5,4,A2MB IMMO,,0556544578,contact@agencecoullaud.fr,"44.632953644, -1.148286343",,https://agencecoullaud.fr/vente/1-la-teste-de-buch/maison/38756-maison-clair-bois-120-m2-bassin-d-arcachon,agencecoullaud.fr
,480000,maison,La Teste-de-Buch 33260,103,4,4,A2MB IMMO,,0556544578,contact@agencecoullaud.fr,"44.632953644, -1.148286343",,https://agencecoullaud.fr/vente/1-la-teste-de-buch/maison/42150-proche-golf-et-porte-du-pyla-bassin-d-arcachon,agencecoullaud.fr
,380000,appartement,La Teste-de-Buch 33260,75,3,2,A2MB IMMO,,0556544578,contact@agencecoullaud.fr,"44.632953644, -1.148286343",,https://agencecoullaud.fr/vente/21-arcachon/appartement/34486-plein-coeur-de-ville,agencecoullaud.fr
,265000,appartement,La Teste-de-Buch 33260,44.42,1,2,A2MB IMMO,,0556544578,contact@agencecoullaud.fr,"44.632953644, -1.148286343",,https://agencecoullaud.fr/vente/21-arcachon/appartement/29597-plein-coeur-de-ville,agencecoullaud.fr
,899000,maison,La Teste-de-Buch 33260,169.22,6,4,A2MB IMMO,,0556544578,contact@agencecoullaud.fr,"44.632953644, -1.148286343",,https://agencecoullaud.fr/vente/1-la-teste-de-buch/maison/45595-maison-centre-ville-de-la-teste,agencecoullaud.fr
,152000,appartement,La Teste-de-Buch 33260,10.75,1,1,A2MB IMMO,,0556544578,contact@agencecoullaud.fr,"44.632953644, -1.148286343",,https://agencecoullaud.fr/vente/21-arcachon/appartement/52533-studio-residence-panoramique,agencecoullaud.fr
,174900,appartement,La Teste-de-Buch 33260,24,1,2,A2MB IMMO,,0556544578,contact@agencecoullaud.fr,"44.632953644, -1.148286343",,https://agencecoullaud.fr/vente/21-arcachon/appartement/37512-a-vendre-studio-cabine-expose-avec-beau-balcon-sud-arcachon-aiguillon,agencecoullaud.fr
,175000,appartement,La Teste-de-Buch 33260,38.43,2,1,A2MB IMMO,,0556544578,contact@agencecoullaud.fr,"44.632953644, -1.148286343",,https://agencecoullaud.fr/vente/22-gujan-mestras/appartement/45281-a-vendre-en-exclusivite-a-gujan-centre-tout-a-pied,agencecoullaud.fr
,420000,maison,La Teste-de-Buch 33260,47.50,3,2,A2MB IMMO,,0556544578,contact@agencecoullaud.fr,"44.632953644, -1.148286343",,https://agencecoullaud.fr/vente/21-arcachon/maison/28043-plein-coeur-de-ville,agencecoullaud.fr
,595000,maison,La Teste-de-Buch 33260,196.55,7,6,A2MB IMMO,,0556544578,contact@agencecoullaud.fr,"44.632953644, -1.148286343",,https://agencecoullaud.fr/vente/22-gujan-mestras/maison/28442-a-vendre-maison-familiale-type-6-gujan-mestras-bassin-d-arcachon,agencecoullaud.fr
34201-secteur-la-hume,418000,maison,La Teste-de-Buch 33260,90,4,3,A2MB IMMO,,0556544578,contact@agencecoullaud.fr,"44.632953644, -1.148286343",,https://agencecoullaud.fr/vente/22-gujan-mestras/maison/34201-secteur-la-hume,agencecoullaud.fr
,6000,parking,La Teste-de-Buch 33260,,,,A2MB IMMO,,0556544578,contact@agencecoullaud.fr,"44.632953644, -1.148286343",,https://agencecoullaud.fr/vente/22-gujan-mestras/parking/34467-a-vendre-emplacement-de-stationnement-gujan-mestras,agencecoullaud.fr
,834000,maison,La Teste-de-Buch 33260,148,5,3,A2MB IMMO,,0556544578,contact@agencecoullaud.fr,"44.632953644, -1.148286343",,https://agencecoullaud.fr/vente/22-gujan-mestras/maison/39373-magnifique-contemporaine-gujan-mestras-bassin-d-arcachon,agencecoullaud.fr
,275000,terrain,La Teste-de-Buch 33260,500,,,A2MB IMMO,,0556544578,contact@agencecoullaud.fr,"44.632953644, -1.148286343",,https://agencecoullaud.fr/vente/22-gujan-mestras/terrain/28381-terrain-constructible-500m-au-calme-gujan-mestras-bassin-d-arcachon,agencecoullaud.fr
,325000,terrain,La Teste-de-Buch 33260,600,,,A2MB IMMO,,0556544578,contact@agencecoullaud.fr,"44.632953644, -1.148286343",,https://agencecoullaud.fr/vente/22-gujan-mestras/terrain/28444-terrain-constructible-500m-au-calme-bassin-d-arcachon,agencecoullaud.fr
,365000,terrain,La Teste-de-Buch 33260,1047,4,3,A2MB IMMO,,0556544578,contact@agencecoullaud.fr,"44.632953644, -1.148286343",,https://agencecoullaud.fr/vente/22-gujan-mestras/terrain-a-batir/34202-terrain-1047m-sur-gujan,agencecoullaud.fr
,529000,terrain,La Teste-de-Buch 33260,645,,,A2MB IMMO,,0556544578,contact@agencecoullaud.fr,"44.632953644, -1.148286343",,https://agencecoullaud.fr/vente/22-gujan-mestras/terrain/48504-a-vendre-terrain-a-batir-viabilise-a-gujan-mestras-quartier-meyran,agencecoullaud.fr
,339000,terrain,La Teste-de-Buch 33260,645,,,A2MB IMMO,,0556544578,contact@agencecoullaud.fr,"44.632953644, -1.148286343",,https://agencecoullaud.fr/vente/22-gujan-mestras/terrain/48505-a-vendre-terrain-a-batir-viabilise-a-gujan-mestras-quartier-meyran,agencecoullaud.fr
,350000,terrain,La Teste-de-Buch 33260,645,,,A2MB IMMO,,0556544578,contact@agencecoullaud.fr,"44.632953644, -1.148286343",,https://agencecoullaud.fr/vente/22-gujan-mestras/terrain/48503-a-vendre-terrain-a-batir-viabilise-a-gujan-mestras-quartier-meyran,agencecoullaud.fr
,3000,appartement,Nantes,,,,Groupe CIF,Groupe Cif,0240994080,,,,https://groupecif.com/acheter-appartement-maison-nantes-loire-atlantique/aides-accession-abordable-nantes-metropole-psla-anru/aides-accession-abordable-nantes-metropole-psla-anru,groupecif.com
RV01636/0028,247000,appartement,Chapelle Sur Erdre Groupecif,78,4,3,Groupe CIF,Groupe Cif,0240994080,,"47.2994495, -1.5513190785714",,https://groupecif.com/appartement/vente-chapelle-sur-erdre-appartement-t4-groupecif,groupecif.com
RV2996/314,143000,appartement,Nantes Bottiere Chenaie Bis Groupecif,40,1,1,Groupe CIF,Groupe Cif,0240994080,,"47.240766, -1.512791",,https://groupecif.com/appartement/vente-nantes-bottiere-chenaie-appartement-t1-bis-groupecif,groupecif.com
RV01562/0414,270000,appartement,Nantes Centre Ville Groupecif,71,3,2,Groupe CIF,Groupe Cif,0240994080,,"47.213499, -1.556368",,https://groupecif.com/appartement/vente-nantes-centre-ville-appartement-t3-groupecif,groupecif.com
RV01599/0121,153000,appartement,Nantes Beaulieu Mangin Groupecif,47,2,1,Groupe CIF,Groupe Cif,0240994080,,"47.205432, -1.534439",,https://groupecif.com/appartement/vente-nantes-beaulieu-mangin-appartement-t2-groupecif,groupecif.com
RV01552/0240,97000,appartement,Nantes Centre Ville Groupecif,18,1,0,Groupe CIF,Groupe Cif,0240994080,,"47.213499, -1.556368",,https://groupecif.com/appartement/vente-nantes-centre-ville-appartement-t1-groupecif,groupecif.com
,146648,appartement,Nantes Chantenay Groupecif,40,2,1,Groupe CIF,Groupe Cif,0240994080,,"47.206528, -1.588372",C,https://groupecif.com/appartement/vente-nantes-chantenay-appartement-t2-groupecif,groupecif.com
RV693/0002,230000,appartement,Nantes Centre Ville Groupecif,61,3,2,Groupe CIF,Groupe Cif,0240994080,,"47.213499, -1.556368",,https://groupecif.com/appartement/vente-nantes-centre-ville-appartement-t3-groupecif-1,groupecif.com
RVDIF1517/B21,235000,appartement,Nantes Chantenay Groupecif,84,4,3,Groupe CIF,Groupe Cif,0240994080,,"47.206528, -1.588372",,https://groupecif.com/appartement/vente-nantes-chantenay-appartement-t4-groupecif-1,groupecif.com
RV841/A21-48,168000,appartement,Nantes Galarne Groupecif,44,2,1,Groupe CIF,Groupe Cif,0240994080,,"47.211679, -1.52192",,https://groupecif.com/appartement/vente-nantes-galarne-appartement-t2-groupecif,groupecif.com
VE1462/16,,appartement,Aurore,64,3,2,Groupe CIF,Groupe Cif,0240994080,,"47.3655299, -1.1843438",,https://groupecif.com/appartement/vente-neuf-ancenis-saint-gereon-appartement-t3-groupecif-2,groupecif.com
VE1462/08,,appartement,Aurore,64,3,2,Groupe CIF,Groupe Cif,0240994080,,"47.3655299, -1.1843438",,https://groupecif.com/appartement/vente-neuf-ancenis-saint-gereon-appartement-t3-groupecif-5,groupecif.com
VE1462/03,,appartement,Aurore,78,4,3,Groupe CIF,Groupe Cif,0240994080,,"47.3655299, -1.1843438",,https://groupecif.com/appartement/vente-neuf-ancenis-saint-gereon-appartement-t4-groupecif,groupecif.com
VE1462/32,,appartement,Aurore,63,3,2,Groupe CIF,Groupe Cif,0240994080,,"47.3655299, -1.1843438",,https://groupecif.com/appartement/vente-neuf-ancenis-saint-gereon-appartement-t3-groupecif-7,groupecif.com
VE1462/46,,appartement,Aurore,85,4,3,Groupe CIF,Groupe Cif,0240994080,,"47.3655299, -1.1843438",,https://groupecif.com/appartement/vente-neuf-ancenis-saint-gereon-appartement-t4-groupecif-1,groupecif.com
VE1462/38,,appartement,Aurore,96,5,4,Groupe CIF,Groupe Cif,0240994080,,"47.3655299, -1.1843438",,https://groupecif.com/appartement/vente-neuf-ancenis-saint-gereon-appartement-t5-et-plus-groupecif,groupecif.com
VE1462/10,,appartement,Aurore,78,4,3,Groupe CIF,Groupe Cif,0240994080,,"47.3655299, -1.1843438",,https://groupecif.com/appartement/vente-neuf-ancenis-saint-gereon-appartement-t4-groupecif-2,groupecif.com
VE1462/39,,appartement,Aurore,99,5,4,Groupe CIF,Groupe Cif,0240994080,,"47.3655299, -1.1843438",,https://groupecif.com/appartement/vente-neuf-ancenis-saint-gereon-appartement-t5-et-plus-groupecif-1,groupecif.com
VE1477/20,105500,appartement,L'Atelier,32,1,0,Groupe CIF,Groupe Cif,0240994080,,"47.1759949, -1.6194637",,https://groupecif.com/appartement/vente-neuf-bouguenais-appartement-t1-groupecif,groupecif.com
VE1477/27,166000,appartement,L'Atelier,52,2,1,Groupe CIF,Groupe Cif,0240994080,,"47.1759949, -1.6194637",,https://groupecif.com/appartement/vente-neuf-bouguenais-appartement-t2-groupecif-9,groupecif.com
VE1477/45,124000,appartement,L'Atelier,39,2,1,Groupe CIF,Groupe Cif,0240994080,,"47.1759949, -1.6194637",,https://groupecif.com/appartement/vente-neuf-bouguenais-appartement-t2-groupecif,groupecif.com
VE1477/23,193000,appartement,L'Atelier,62,3,2,Groupe CIF,Groupe Cif,0240994080,,"47.1759949, -1.6194637",,https://groupecif.com/appartement/vente-neuf-bouguenais-appartement-t3-groupecif,groupecif.com
VE1477/15,101500,appartement,L'Atelier,33,1,0,Groupe CIF,Groupe Cif,0240994080,,"47.1759949, -1.6194637",,https://groupecif.com/appartement/vente-neuf-bouguenais-appartement-t1-groupecif-2,groupecif.com
VE1477/26,165000,appartement,L'Atelier,52,2,1,Groupe CIF,Groupe Cif,0240994080,,"47.1759949, -1.6194637",,https://groupecif.com/appartement/vente-neuf-bouguenais-appartement-t2-groupecif-4,groupecif.com
VE1477/42,204000,appartement,L'Atelier,60,3,2,Groupe CIF,Groupe Cif,0240994080,,"47.1759949, -1.6194637",,https://groupecif.com/appartement/vente-neuf-bouguenais-appartement-t3-groupecif-10,groupecif.com
VE1477/41,219000,appartement,L'Atelier,69,3,2,Groupe CIF,Groupe Cif,0240994080,,"47.1759949, -1.6194637",,https://groupecif.com/appartement/vente-neuf-bouguenais-appartement-t3-groupecif-11,groupecif.com
VE1477/43,199000,appartement,L'Atelier,66,3,2,Groupe CIF,Groupe Cif,0240994080,,"47.1759949, -1.6194637",,https://groupecif.com/appartement/vente-neuf-bouguenais-appartement-t3-groupecif-12,groupecif.com
VE1477/50,219000,appartement,L'Atelier,65,3,2,Groupe CIF,Groupe Cif,0240994080,,"47.1759949, -1.6194637",,https://groupecif.com/appartement/vente-neuf-bouguenais-appartement-t3-groupecif-3,groupecif.com
VE1477/46,214000,appartement,L'Atelier,67,3,2,Groupe CIF,Groupe Cif,0240994080,,"47.1759949, -1.6194637",,https://groupecif.com/appartement/vente-neuf-bouguenais-appartement-t3-groupecif-15,groupecif.com
VE1477/49,204000,appartement,L'Atelier,65,3,2,Groupe CIF,Groupe Cif,0240994080,,"47.1759949, -1.6194637",,https://groupecif.com/appartement/vente-neuf-bouguenais-appartement-t3-groupecif-16,groupecif.com
VE1477/37,207000,appartement,L'Atelier,60,3,2,Groupe CIF,Groupe Cif,0240994080,,"47.1759949, -1.6194637",,https://groupecif.com/appartement/vente-neuf-bouguenais-appartement-t3-groupecif-4,groupecif.com
VE1477/17,196500,appartement,L'Atelier,60,3,2,Groupe CIF,Groupe Cif,0240994080,,"47.1759949, -1.6194637",,https://groupecif.com/appartement/vente-neuf-bouguenais-appartement-t3-groupecif-6,groupecif.com
VE1477/47,224000,appartement,L'Atelier,69,3,2,Groupe CIF,Groupe Cif,0240994080,,"47.1759949, -1.6194637",,https://groupecif.com/appartement/vente-neuf-bouguenais-appartement-t3-groupecif-2,groupecif.com
VE1477/18,219000,appartement,L'Atelier,67,3,2,Groupe CIF,Groupe Cif,0240994080,,"47.1759949, -1.6194637",,https://groupecif.com/appartement/vente-neuf-bouguenais-appartement-t3-groupecif-7,groupecif.com
VE1477/48,209000,appartement,L'Atelier,60,3,2,Groupe CIF,Groupe Cif,0240994080,,"47.1759949, -1.6194637",,https://groupecif.com/appartement/vente-neuf-bouguenais-appartement-t3-groupecif-9,groupecif.com
VE1477/22,196500,appartement,L'Atelier,60,3,2,Groupe CIF,Groupe Cif,0240994080,,"47.1759949, -1.6194637",,https://groupecif.com/appartement/vente-neuf-bouguenais-appartement-t3-groupecif-8,groupecif.com
VE1477/21,230000,appartement,L'Atelier,81,4,3,Groupe CIF,Groupe Cif,0240994080,,"47.1759949, -1.6194637",,https://groupecif.com/appartement/vente-neuf-bouguenais-appartement-t4-groupecif-5,groupecif.com
VE1471/12,192240,appartement,Hautes Rives 2,60,3,2,Groupe CIF,Groupe Cif,0240994080,,"47.1948741, -1.646096",,https://groupecif.com/appartement/vente-neuf-indre-appartement-t3-groupecif-1,groupecif.com
VE1471/3,200700,appartement,Neuf appartement T3 VE1471/3,61,3,2,Groupe CIF,Groupe Cif,0240994080,,"47.1948741, -1.646096",,https://groupecif.com/appartement/vente-neuf-indre-appartement-t3-groupecif-2,groupecif.com
VE1420/2_5,197000,appartement,Neuf appartement T1 bis VE1420/2_5,38,1,0,Groupe CIF,Groupe Cif,0240994080,,"47.242035, -1.504811",,https://groupecif.com/appartement/vente-neuf-nantes-bottiere-chenaie-appartement-t1-bis-groupecif-1,groupecif.com
VE1420/2_4,314000,appartement,Neuf appartement T3 VE1420/2_4,67,3,2,Groupe CIF,Groupe Cif,0240994080,,"47.242035, -1.504811",,https://groupecif.com/appartement/vente-neuf-nantes-bottiere-chenaie-appartement-t3-groupecif-13,groupecif.com
VE1420/3_3,224400,appartement,Neuf appartement T3 VE1420/3_3,75,3,2,Groupe CIF,Groupe Cif,0240994080,,"47.242035, -1.504811",,https://groupecif.com/appartement/vente-neuf-nantes-bottiere-chenaie-appartement-t3-groupecif-16,groupecif.com
VE1420/6_6,218000,appartement,Neuf appartement T3 VE1420/6_6,71,3,2,Groupe CIF,Groupe Cif,0240994080,,"47.242035, -1.504811",,https://groupecif.com/appartement/vente-neuf-nantes-bottiere-chenaie-appartement-t3-groupecif-14,groupecif.com
VE1420/9_3,245640,appartement,Neuf appartement T2 VE1420/9_3,48,2,1,Groupe CIF,Groupe Cif,0240994080,,"47.242035, -1.504811",,https://groupecif.com/appartement/vente-neuf-nantes-bottiere-chenaie-appartement-t2-groupecif-2,groupecif.com
VE1420/8_5,215000,appartement,Neuf appartement T2 VE1420/8_5,42,2,1,Groupe CIF,Groupe Cif,0240994080,,"47.242035, -1.504811",,https://groupecif.com/appartement/vente-neuf-nantes-bottiere-chenaie-appartement-t2-groupecif-5,groupecif.com
VE1420/5_4,203700,appartement,Neuf appartement T3 VE1420/5_4,67,3,2,Groupe CIF,Groupe Cif,0240994080,,"47.242035, -1.504811",,https://groupecif.com/appartement/vente-neuf-nantes-bottiere-chenaie-appartement-t3-groupecif-17,groupecif.com
VE1420/5_5,316000,appartement,Neuf appartement T3 VE1420/5_5,68,3,2,Groupe CIF,Groupe Cif,0240994080,,"47.242035, -1.504811",,https://groupecif.com/appartement/vente-neuf-nantes-bottiere-chenaie-appartement-t3-groupecif-2,groupecif.com
VE1420/15_2,202400,appartement,Archipel,70,3,2,Groupe CIF,Groupe Cif,0240994080,,"47.242035, -1.504811",,https://groupecif.com/appartement/vente-neuf-nantes-bottiere-chenaie-appartement-t3-groupecif-21,groupecif.com
LOC826G,,parking,Melun 77000,,,,2 M IMMOBILIER,,0164791465,accueil@2m-immo.com,"48.535820007, 2.658063173",,https://2m-immo.com/location/1-melun/parking/1609-a-louer-quartier-prefecture,2m-immo.com
LOC877G,,appartement,Melun 77000,62.52,4,3,2 M IMMOBILIER,,0164791465,accueil@2m-immo.com,"48.535820007, 2.658063173",,https://2m-immo.com/location/1-melun/appartement/1807-location-appartement-4-pieces-meuble-avec-garage-quartier-prefecture-a-melun,2m-immo.com
,,maison,Melun 77000,109,5,3,2 M IMMOBILIER,,0164791465,accueil@2m-immo.com,"48.535820007, 2.658063173",,https://2m-immo.com/vente/-/maison/653-maison-de-caractere-le-chatelet-en-brie-centre-visite-360,2m-immo.com
AB3606,339000,appartement,Melun 77000,149,5,4,2 M IMMOBILIER,,0164791465,accueil@2m-immo.com,"48.535820007, 2.658063173",,https://2m-immo.com/vente/1-melun/appartement/2361-appartement-d-exception-t5-de-150-m-centre-ville-de-melun,2m-immo.com
SL3663,119000,appartement,Melun 77000,37.86,2,1,2 M IMMOBILIER,,0164791465,accueil@2m-immo.com,"48.535820007, 2.658063173",E,https://2m-immo.com/vente/1-melun/appartement/1689-melun-2-pieces-avec-terrasse-et-jardin,2m-immo.com
LOC126G-7,,parking,Melun 77000,,,,2 M IMMOBILIER,,0164791465,accueil@2m-immo.com,"48.535820007, 2.658063173",,https://2m-immo.com/location/1-melun/parking/2227-a-louer-quartier-prefecture,2m-immo.com
SL3442,123000,appartement,Melun 77000,46.32,2,1,2 M IMMOBILIER,,0164791465,accueil@2m-immo.com,"48.535820007, 2.658063173",,https://2m-immo.com/vente/1-melun/appartement/2089-quartier-gare-2-pieces-parking,2m-immo.com
SL3464,159000,appartement,Melun 77000,57.74,2,1,2 M IMMOBILIER,,0164791465,accueil@2m-immo.com,"48.535820007, 2.658063173",,https://2m-immo.com/vente/1-melun/appartement/1865-quartier-gare-2-pieces-duplex-independant,2m-immo.com
AB3577,115000,appartement,Melun 77000,36.85,2,1,2 M IMMOBILIER,,0164791465,accueil@2m-immo.com,"48.535820007, 2.658063173",,https://2m-immo.com/vente/1-melun/appartement/2305-appartement-t2-gare-de-melun-a-moins-de-10-minutes-a-pied,2m-immo.com
AB3541,139000,appartement,Melun 77000,56.05,3,2,2 M IMMOBILIER,,0164791465,accueil@2m-immo.com,"48.535820007, 2.658063173",,https://2m-immo.com/vente/1-melun/appartement/2253-appartement-melun-3-pieces,2m-immo.com
AB3463,109700,appartement,Melun 77000,62.80,3,2,2 M IMMOBILIER,,0164791465,accueil@2m-immo.com,"48.535820007, 2.658063173",,https://2m-immo.com/vente/1-melun/appartement/2120-opportunite-a-saisir-appartement-melun-3-pieces,2m-immo.com
MJ3582,195000,appartement,Melun 77000,70,3,2,2 M IMMOBILIER,,0164791465,accueil@2m-immo.com,"48.535820007, 2.658063173",,https://2m-immo.com/vente/1-melun/appartement/2307-appartement-3-pieces-vue-seine,2m-immo.com
SL3637,118280,appartement,Melun 77000,36.84,2,1,2 M IMMOBILIER,,0164791465,accueil@2m-immo.com,"48.535820007, 2.658063173",,https://2m-immo.com/vente/1-melun/appartement/2233-quartier-centre-ville-2-pieces-garage,2m-immo.com
AC3574,126000,appartement,Melun 77000,70.79,3,2,2 M IMMOBILIER,,0164791465,accueil@2m-immo.com,"48.535820007, 2.658063173",,https://2m-immo.com/vente/1-melun/appartement/2278-a-vendre-3-pieces,2m-immo.com
SL3572,199000,appartement,Melun 77000,69,3,2,2 M IMMOBILIER,,0164791465,accueil@2m-immo.com,"48.535820007, 2.658063173",D,https://2m-immo.com/vente/1-melun/appartement/2290-quartier-gare-3-pieces-parking-couvert,2m-immo.com
MJ3644,290000,maison,Melun 77000,140.68,6,5,2 M IMMOBILIER,,0164791465,accueil@2m-immo.com,"48.535820007, 2.658063173",,https://2m-immo.com/vente/1-melun/maison/2251-maison-melun-5-chambres-140m,2m-immo.com
SL3540,525000,maison,Melun 77000,191,7,5,2 M IMMOBILIER,,0164791465,accueil@2m-immo.com,"48.535820007, 2.658063173",,https://2m-immo.com/vente/1-melun/maison/2176-quartier-gare-maison-ancienne-7-pieces,2m-immo.com
SL3617,139000,appartement,Melun 77000,49.68,2,1,2 M IMMOBILIER,,0164791465,accueil@2m-immo.com,"48.535820007, 2.658063173",C,https://2m-immo.com/vente/1-melun/appartement/2374-quartier-centre-ville-3-moulins-2-pieces-parking,2m-immo.com
MJ3636,138380,appartement,Melun 77000,39,2,1,2 M IMMOBILIER,,0164791465,accueil@2m-immo.com,"48.535820007, 2.658063173",,https://2m-immo.com/vente/1-melun/appartement/2427-appartement-2-pieces-avec-jardin-cave-et-parking,2m-immo.com
MJ3648,146000,appartement,Melun 77000,58.22,2,1,2 M IMMOBILIER,,0164791465,accueil@2m-immo.com,"48.535820007, 2.658063173",,https://2m-immo.com/vente/1-melun/appartement/2445-spacieux-appartement-2-pieces-melun-gare,2m-immo.com
AB3634,255000,maison,Melun 77000,94,5,3,2 M IMMOBILIER,,0164791465,accueil@2m-immo.com,"48.535820007, 2.658063173",,https://2m-immo.com/vente/1-melun/maison/2402-quartier-gare-maison-5-pieces,2m-immo.com
AB3629,249000,maison,Melun 77000,98,5,3,2 M IMMOBILIER,,0164791465,accueil@2m-immo.com,"48.535820007, 2.658063173",,https://2m-immo.com/vente/1-melun/maison/2163-melun-gare-maison-3-chambres,2m-immo.com
AB3549,260000,maison,Melun 77000,98.70,5,4,2 M IMMOBILIER,,0164791465,accueil@2m-immo.com,"48.535820007, 2.658063173",,https://2m-immo.com/vente/1-melun/maison/2263-maison-construite-en-2010-4-chambres-melun-limite-vaux-le-penil,2m-immo.com
MJ3639,450000,maison,Melun 77000,155,7,5,2 M IMMOBILIER,,0164791465,accueil@2m-immo.com,"48.535820007, 2.658063173",,https://2m-immo.com/vente/1-melun/maison/2433-maison-entre-seine-et-gare-5-chambres,2m-immo.com
FM3532,196000,appartement,Melun 77000,43.54,2,1,2 M IMMOBILIER,,0164791465,accueil@2m-immo.com,"48.535820007, 2.658063173",F,https://2m-immo.com/vente/556-fontainebleau/appartement/2232-appartement-fontainebleau-2-piece-s,2m-immo.com
SL3595,185000,appartement,Melun 77000,122.86,5,3,2 M IMMOBILIER,,0164791465,accueil@2m-immo.com,"48.535820007, 2.658063173",F,https://2m-immo.com/vente/75-la-rochette/appartement/1935-foret-5-pieces-terrasse,2m-immo.com
MJ3632,230000,appartement,Melun 77000,140,7,5,2 M IMMOBILIER,,0164791465,accueil@2m-immo.com,"48.535820007, 2.658063173",,https://2m-immo.com/vente/76-vaux-le-penil/appartement/2381-appartement-vaux-le-penil-7-piece-s-140m,2m-immo.com
MJ3587,375000,maison,Melun 77000,172,9,6,2 M IMMOBILIER,,0164791465,accueil@2m-immo.com,"48.535820007, 2.658063173",,https://2m-immo.com/vente/225-crisenoy/maison/2247-maison-crisenoy-9-piece-s-172-m2,2m-immo.com
SL3585,499900,maison,Melun 77000,185.50,6,4,2 M IMMOBILIER,,0164791465,accueil@2m-immo.com,"48.535820007, 2.658063173",,https://2m-immo.com/vente/30-le-mee-sur-seine/maison/1953-limite-melun-maison-ancienne-6-pieces,2m-immo.com
AB3641,399900,maison,Melun 77000,140,6,4,2 M IMMOBILIER,,0164791465,accueil@2m-immo.com,"48.535820007, 2.658063173",,https://2m-immo.com/vente/76-vaux-le-penil/maison/1537-maison-individuelle-vaux-le-penil-6-pieces-140-m2,2m-immo.com
SL3662,145125,appartement,Melun 77000,71.55,5,4,2 M IMMOBILIER,,0164791465,accueil@2m-immo.com,"48.535820007, 2.658063173",E,https://2m-immo.com/vente/77-dammarie-les-lys/appartement/4974-dammarie-les-lys-5-pieces-4-chambres,2m-immo.com
LOC1014BOX,,parking,Melun 77000,,,,2 M IMMOBILIER,,0164791465,accueil@2m-immo.com,"48.535820007, 2.658063173",,https://2m-immo.com/location/1-melun/parking/2335-garage-a-louer-rue-camille-flammarion,2m-immo.com
1034-11,,parking,Melun 77000,,,,2 M IMMOBILIER,,0164791465,accueil@2m-immo.com,"48.535820007, 2.658063173",,https://2m-immo.com/location/76-vaux-le-penil/parking/4946-place-de-parking-a-louer-melun-centre,2m-immo.com
MJ3546,,bureau,Melun 77000,50.51,8,,2 M IMMOBILIER,,0164791465,accueil@2m-immo.com,"48.535820007, 2.658063173",,https://2m-immo.com/vente-pro/-/bureaux/2259-par-franck-mannier,2m-immo.com
LOC989G,,appartement,Melun 77000,41.00,2,1,2 M IMMOBILIER,,0164791465,accueil@2m-immo.com,"48.535820007, 2.658063173",,https://2m-immo.com/location/77-dammarie-les-lys/appartement/2466-appartement-moderne-avec-terrasse-jardin-et-garage-a-15-minutes-a-pied-de-la-gare-de-melun-residence-recent,2m-immo.com
MJ3653,205000,maison,Melun 77000,66,4,2,2 M IMMOBILIER,,0164791465,accueil@2m-immo.com,"48.535820007, 2.658063173",,https://2m-immo.com/vente/77-dammarie-les-lys/maison/2371-maison-dammarie-les-lys-4-piece-s-66-m2,2m-immo.com
FM3631,125000,bureau,Melun 77000,53,3,,2 M IMMOBILIER,,0164791465,accueil@2m-immo.com,"48.535820007, 2.658063173",,https://2m-immo.com/vente-pro/1-melun/bureaux/2398-local-commercial,2m-immo.com
MJ3538,,immeuble,Melun 77000,,3,7,2 M IMMOBILIER,,0164791465,accueil@2m-immo.com,"48.535820007, 2.658063173",,https://2m-immo.com/vente/-/immeuble/2244-par-franck-mannier,2m-immo.com
MJ3547,115000,bureau,Melun 77000,28,2,,2 M IMMOBILIER,,0164791465,accueil@2m-immo.com,"48.535820007, 2.658063173",,https://2m-immo.com/vente-pro/1-melun/bureaux/2258-bureaux-melun-28-m2,2m-immo.com
FM3552,310000,local commercial,Melun 77000,90,,,2 M IMMOBILIER,,0164791465,accueil@2m-immo.com,"48.535820007, 2.658063173",,https://2m-immo.com/vente-pro/1-melun/local-commercial/2266-local-commercial-melun-90-m2,2m-immo.com
1222-par-melinda-jove,,maison,Melun 77000,95,4,3,2 M IMMOBILIER,,0164791465,accueil@2m-immo.com,"48.535820007, 2.658063173",G,https://2m-immo.com/vente/-/maison/1222-par-melinda-jove,2m-immo.com
1266-par-augustin-couderc,,maison,Melun 77000,135,6,4,2 M IMMOBILIER,,0164791465,accueil@2m-immo.com,"48.535820007, 2.658063173",,https://2m-immo.com/vente/-/maison/1266-par-augustin-couderc,2m-immo.com
2384-parking-box-melun,20000,parking,Melun 77000,,,,2 M IMMOBILIER,,0164791465,accueil@2m-immo.com,"48.535820007, 2.658063173",,https://2m-immo.com/vente/-/parking/2384-parking-box-melun,2m-immo.com
MJ3597,350000,maison,Melun 77000,116,5,3,2 M IMMOBILIER,,0164791465,accueil@2m-immo.com,"48.535820007, 2.658063173",,https://2m-immo.com/vente/142-livry-sur-seine/maison/2338-maison-livry-sur-seine-5-piece-s,2m-immo.com
SL3599,212200,maison,Melun 77000,91.55,5,3,2 M IMMOBILIER,,0164791465,accueil@2m-immo.com,"48.535820007, 2.658063173",D,https://2m-immo.com/vente/-/maison/2326-vendu-par-sebastien-lefevre,2m-immo.com
1003-par-franck-mannier,,appartement,Melun 77000,74.07,3,1,2 M IMMOBILIER,,0164791465,accueil@2m-immo.com,"48.535820007, 2.658063173",,https://2m-immo.com/vente/1-melun/appartement/1003-par-franck-mannier,2m-immo.com
1004-par-franck-mannier,,appartement,Melun 77000,25.34,1,,2 M IMMOBILIER,,0164791465,accueil@2m-immo.com,"48.535820007, 2.658063173",,https://2m-immo.com/vente/1-melun/appartement/1004-par-franck-mannier,2m-immo.com
1011-par-frederic-bonnard,,appartement,Melun 77000,39.82,2,1,2 M IMMOBILIER,,0164791465,accueil@2m-immo.com,"48.535820007, 2.658063173",,https://2m-immo.com/vente/1-melun/appartement/1011-par-frederic-bonnard,2m-immo.com
FM3500,120000,terrain,Melun 77000,647,,,2 M IMMOBILIER,,0164791465,accueil@2m-immo.com,"48.535820007, 2.658063173",,https://2m-immo.com/vente/-/terrain/2168-par-augustin-couderc,2m-immo.com
1012-par-frederic-bonnard,,appartement,Melun 77000,48.55,2,1,2 M IMMOBILIER,,0164791465,accueil@2m-immo.com,"48.535820007, 2.658063173",F,https://2m-immo.com/vente/1-melun/appartement/1012-par-frederic-bonnard,2m-immo.com
1047-par-franck-mannier,,appartement,Melun 77000,85.70,4,2,2 M IMMOBILIER,,0164791465,accueil@2m-immo.com,"48.535820007, 2.658063173",,https://2m-immo.com/vente/1-melun/appartement/1047-par-franck-mannier,2m-immo.com
1055-par-frederic-bonnard,,appartement,Melun 77000,23.99,1,,2 M IMMOBILIER,,0164791465,accueil@2m-immo.com,"48.535820007, 2.658063173",F,https://2m-immo.com/vente/1-melun/appartement/1055-par-frederic-bonnard,2m-immo.com
1027-par-frederic-bonnard,,appartement,Melun 77000,69,3,2,2 M IMMOBILIER,,0164791465,accueil@2m-immo.com,"48.535820007, 2.658063173",,https://2m-immo.com/vente/1-melun/appartement/1027-par-frederic-bonnard,2m-immo.com
1031-par-melinda-jove,,appartement,Melun 77000,32.85,2,7,2 M IMMOBILIER,,0164791465,accueil@2m-immo.com,"48.535820007, 2.658063173",,https://2m-immo.com/vente/1-melun/appartement/1031-par-melinda-jove,2m-immo.com
1082-par-alexis-baillet,,appartement,Melun 77000,73,3,2,2 M IMMOBILIER,,0164791465,accueil@2m-immo.com,"48.535820007, 2.658063173",,https://2m-immo.com/vente/1-melun/appartement/1082-par-alexis-baillet,2m-immo.com
1083-par-frederic-bonnard,,appartement,Melun 77000,77,4,3,2 M IMMOBILIER,,0164791465,accueil@2m-immo.com,"48.535820007, 2.658063173",,https://2m-immo.com/vente/1-melun/appartement/1083-par-frederic-bonnard,2m-immo.com
1084-par-alain-merieux,110000,appartement,Melun 77000,72.44,3,2,2 M IMMOBILIER,,0164791465,accueil@2m-immo.com,"48.535820007, 2.658063173",,https://2m-immo.com/vente/1-melun/appartement/1084-par-alain-merieux,2m-immo.com
1078-par-sebastien-lefevre,,appartement,Melun 77000,30,1,,2 M IMMOBILIER,,0164791465,accueil@2m-immo.com,"48.535820007, 2.658063173",,https://2m-immo.com/vente/1-melun/appartement/1078-par-sebastien-lefevre,2m-immo.com
1079-par-melinda-jove,,appartement,Melun 77000,62.96,3,2,2 M IMMOBILIER,,0164791465,accueil@2m-immo.com,"48.535820007, 2.658063173",,https://2m-immo.com/vente/1-melun/appartement/1079-par-melinda-jove,2m-immo.com
1088-par-melinda-jove,,appartement,Melun 77000,37.18,2,1,2 M IMMOBILIER,,0164791465,accueil@2m-immo.com,"48.535820007, 2.658063173",,https://2m-immo.com/vente/1-melun/appartement/1088-par-melinda-jove,2m-immo.com
1095-vendu-par-franck,,appartement,Melun 77000,40,2,1,2 M IMMOBILIER,,0164791465,accueil@2m-immo.com,"48.535820007, 2.658063173",,https://2m-immo.com/vente/1-melun/appartement/1095-vendu-par-franck,2m-immo.com
1103-par-alexis-baillet,,appartement,Melun 77000,42,2,1,2 M IMMOBILIER,,0164791465,accueil@2m-immo.com,"48.535820007, 2.658063173",,https://2m-immo.com/vente/1-melun/appartement/1103-par-alexis-baillet,2m-immo.com
1113-par-frederic-bonnard,,appartement,Melun 77000,80.37,4,3,2 M IMMOBILIER,,0164791465,accueil@2m-immo.com,"48.535820007, 2.658063173",,https://2m-immo.com/vente/1-melun/appartement/1113-par-frederic-bonnard,2m-immo.com
1110-par-melinda-jove,,appartement,Melun 77000,65.26,3,2,2 M IMMOBILIER,,0164791465,accueil@2m-immo.com,"48.535820007, 2.658063173",,https://2m-immo.com/vente/1-melun/appartement/1110-par-melinda-jove,2m-immo.com
1131-par-franck-mannier,,appartement,Melun 77000,46.03,2,1,2 M IMMOBILIER,,0164791465,accueil@2m-immo.com,"48.535820007, 2.658063173",,https://2m-immo.com/vente/1-melun/appartement/1131-par-franck-mannier,2m-immo.com
1155-par-alexis-baillet,,appartement,Melun 77000,44.50,2,1,2 M IMMOBILIER,,0164791465,accueil@2m-immo.com,"48.535820007, 2.658063173",,https://2m-immo.com/vente/1-melun/appartement/1155-par-alexis-baillet,2m-immo.com
1125-par-franck-mannier,,appartement,Melun 77000,74,5,3,2 M IMMOBILIER,,0164791465,accueil@2m-immo.com,"48.535820007, 2.658063173",F,https://2m-immo.com/vente/1-melun/appartement/1125-par-franck-mannier,2m-immo.com
1130-par-alexis-baillet,,appartement,Melun 77000,27.55,1,,2 M IMMOBILIER,,0164791465,accueil@2m-immo.com,"48.535820007, 2.658063173",,https://2m-immo.com/vente/1-melun/appartement/1130-par-alexis-baillet,2m-immo.com
1177-par-frederic-bonnard,,appartement,Melun 77000,36.16,2,1,2 M IMMOBILIER,,0164791465,accueil@2m-immo.com,"48.535820007, 2.658063173",G,https://2m-immo.com/vente/1-melun/appartement/1177-par-frederic-bonnard,2m-immo.com
1164-par-augustin-couderc,,appartement,Melun 77000,42.96,2,1,2 M IMMOBILIER,,0164791465,accueil@2m-immo.com,"48.535820007, 2.658063173",,https://2m-immo.com/vente/1-melun/appartement/1164-par-augustin-couderc,2m-immo.com
1169-par-melinda-jove,,appartement,Melun 77000,57.05,3,2,2 M IMMOBILIER,,0164791465,accueil@2m-immo.com,"48.535820007, 2.658063173",,https://2m-immo.com/vente/1-melun/appartement/1169-par-melinda-jove,2m-immo.com
1186-par-augustin-couderc,,appartement,Melun 77000,61,3,2,2 M IMMOBILIER,,0164791465,accueil@2m-immo.com,"48.535820007, 2.658063173",,https://2m-immo.com/vente/1-melun/appartement/1186-par-augustin-couderc,2m-immo.com
1188-par-alexis-baillet,,appartement,Melun 77000,36.84,2,1,2 M IMMOBILIER,,0164791465,accueil@2m-immo.com,"48.535820007, 2.658063173",,https://2m-immo.com/vente/1-melun/appartement/1188-par-alexis-baillet,2m-immo.com
1179-par-augustin-couderc,,appartement,Melun 77000,82,4,3,2 M IMMOBILIER,,0164791465,accueil@2m-immo.com,"48.535820007, 2.658063173",,https://2m-immo.com/vente/1-melun/appartement/1179-par-augustin-couderc,2m-immo.com
1202-par-alexis-baillet,,appartement,Melun 77000,,1,,2 M IMMOBILIER,,0164791465,accueil@2m-immo.com,"48.535820007, 2.658063173",,https://2m-immo.com/vente/1-melun/appartement/1202-par-alexis-baillet,2m-immo.com
1226-par-sebastien-lefevre,,appartement,Melun 77000,82,5,3,2 M IMMOBILIER,,0164791465,accueil@2m-immo.com,"48.535820007, 2.658063173",,https://2m-immo.com/vente/1-melun/appartement/1226-par-sebastien-lefevre,2m-immo.com
1236-par-alain-merieux,,appartement,Melun 77000,126,5,3,2 M IMMOBILIER,,0164791465,accueil@2m-immo.com,"48.535820007, 2.658063173",,https://2m-immo.com/vente/1-melun/appartement/1236-par-alain-merieux,2m-immo.com
1229-par-augustin-couderc,,appartement,Melun 77000,34.45,2,1,2 M IMMOBILIER,,0164791465,accueil@2m-immo.com,"48.535820007, 2.658063173",,https://2m-immo.com/vente/1-melun/appartement/1229-par-augustin-couderc,2m-immo.com
1241-par-franck-mannier,60000,appartement,Melun 77000,12,1,1,2 M IMMOBILIER,,0164791465,accueil@2m-immo.com,"48.535820007, 2.658063173",,https://2m-immo.com/vente/1-melun/appartement/1241-par-franck-mannier,2m-immo.com
Mag273,309000,appartement,Le Pradet,75.05,4,3,AGENCE MATHIEU,,0494217300,contact@agencemathieu.fr,"43.115646570413, 6.0340319287003",,https://agencemathieu.fr/523-a-vendre-appartement-t4-proche-centre-ville-de-le-pradet.html,agencemathieu.fr
mag394,213000,appartement,Le Pradet,35,2,1,AGENCE MATHIEU,,0494217300,contact@agencemathieu.fr,"43.114026123197, 6.0229132888414",,https://agencemathieu.fr/611-appartement-t2-garage-et-cave.html,agencemathieu.fr
,368000,appartement,Le Pradet,75,4,3,AGENCE MATHIEU,,0494217300,contact@agencemathieu.fr,"43.111188175517, 6.0318156690166",,https://agencemathieu.fr/814-a-vendre-appartement-t4-proche-centre-ville-de-le-pradet.html,agencemathieu.fr
,350000,maison,Toulon,100,4,3,AGENCE MATHIEU,,0494217300,contact@agencemathieu.fr,"43.132296472673, 5.967531386778",F,https://agencemathieu.fr/653-maison-t4-quartier-collet-de-gipon.html,agencemathieu.fr
JPG361,109000,,Toulon,36,2,1,AGENCE MATHIEU,,0494217300,contact@agencemathieu.fr,"43.13350037541, 5.8902020962652",,https://agencemathieu.fr/656-t2-entierement-refait-a-vendre-a-toulon.html,agencemathieu.fr
JPG405,,appartement,La Garde,63.45,3,2,AGENCE MATHIEU,,0494217300,contact@agencemathieu.fr,"43.119581138384, 6.0032995090167",,https://agencemathieu.fr/820-a-louer-appartement-t3-dans-residence-recente.html,agencemathieu.fr
,188000,appartement,La Garde,44,2,1,AGENCE MATHIEU,,0494217300,contact@agencemathieu.fr,"43.12905561389, 6.0174416868445",,https://agencemathieu.fr/828-appartement-t2-avec-terrasse.html,agencemathieu.fr
JPG410,,appartement,Le Pradet,54.4,3,2,AGENCE MATHIEU,,0494217300,contact@agencemathieu.fr,"43.096819433667, 6.0224661680609",,https://agencemathieu.fr/824-appartement-t3-a-louer-centre-ville-le-pradet.html,agencemathieu.fr
,95000,appartement,Pradet,28.86,2,1,AGENCE MATHIEU,,0494217300,contact@agencemathieu.fr,"43.114697696214, 6.032706665657",,https://agencemathieu.fr/841-appartement-t2-avec-terrasse-residence-de-tourisme-au-pradet.html,agencemathieu.fr
JPG392,210000,,Giens,53,3,2,AGENCE MATHIEU,,0494217300,contact@agencemathieu.fr,"43.040054917751, 6.1397708891755",,https://agencemathieu.fr/487-t3-giens-investissement-locatif.html,agencemathieu.fr
,399000,maison,Le Pradet,83.66,4,,AGENCE MATHIEU,,0494217300,contact@agencemathieu.fr,"43.106481469735, 6.0348236733203",,https://agencemathieu.fr/837-maison-4-pieces-avec-jardin-veranda-et-garage-environnement-calme.html,agencemathieu.fr
jp284,720000,,Le Pradet,115,4,3,AGENCE MATHIEU,,0494217300,contact@agencemathieu.fr,"43.087353125389, 6.0138566543599",,https://agencemathieu.fr/541-t4-a-vendre-vue-mer-a-le-pradet-prestige.html,agencemathieu.fr
,479000,maison,La Valette-du-Var,183,6,3,AGENCE MATHIEU,,0494217300,contact@agencemathieu.fr,"43.146032543815, 5.99620416884",,https://agencemathieu.fr/452-sur-les-hauteurs-de-la-valette-du-var-maison-a-vendre.html,agencemathieu.fr
,285000,,Le Pradet,57.43,3,2,AGENCE MATHIEU,,0494217300,contact@agencemathieu.fr,"43.110668357304, 6.0159608570868",,https://agencemathieu.fr/640-t3-entre-centre-ville-et-plages-a-vendre-a-le-pradet.html,agencemathieu.fr
JPG347,500000,maison,LE PRADET,141.07,6,3,AGENCE MATHIEU,,0494217300,contact@agencemathieu.fr,"43.102599802633, 6.0361463376455",,https://agencemathieu.fr/641-maison-a-vendre-au-calme-a-le-pradet.html,agencemathieu.fr
,850000,maison,Le Pradet,117.09,4,3,AGENCE MATHIEU,,0494217300,contact@agencemathieu.fr,"43.094525792587, 6.0314568138427",,https://agencemathieu.fr/642-maison-de-standing-a-vendre-a-le-pradet.html,agencemathieu.fr
mag286,265000,appartement,Le Pradet,34,2,,AGENCE MATHIEU,,0494217300,contact@agencemathieu.fr,"43.103337419762, 6.0249805546034",,https://agencemathieu.fr/549-appartement-vue-mer.html,agencemathieu.fr
,135000,studio,Le Pradet,18.65,1,,AGENCE MATHIEU,,0494217300,contact@agencemathieu.fr,"43.102505583235, 6.0288164075249",,https://agencemathieu.fr/648-studio-rez-de-jardin.html,agencemathieu.fr
,330000,appartement,Le Pradet proche centre ville,74,4,,AGENCE MATHIEU,,0494217300,contact@agencemathieu.fr,"43.098085117013, 6.0155856164497",,https://agencemathieu.fr/769-appartement-a-vendre-a-le-pradet-proche-centre-ville.html,agencemathieu.fr
JPG365,449000,appartement,Carqueiranne,118,4,3,AGENCE MATHIEU,,0494217300,contact@agencemathieu.fr,"43.087475325179, 6.0719703227067",,https://agencemathieu.fr/660-appartement-duplex-a-vendre-a-carqueiranne.html,agencemathieu.fr
JPG358,247000,,Le Pradet,70.35,3,2,AGENCE MATHIEU,,0494217300,contact@agencemathieu.fr,"43.118527690823, 6.0169836819961",,https://agencemathieu.fr/654-t3-a-vendre-a-le-pradet.html,agencemathieu.fr
,135000,,Le Pradet,42,2,1,AGENCE MATHIEU,,0494217300,contact@agencemathieu.fr,"43.102115519189, 6.0141744536559",,https://agencemathieu.fr/778-t2-le-pradet-centre-ville-ideal-investisseur.html,agencemathieu.fr
,199000,,LE PRADET,34.41,2,1,AGENCE MATHIEU,,0494217300,contact@agencemathieu.fr,"43.101826686654, 6.0239394724298",,https://agencemathieu.fr/770-t2-a-vendre-a-le-pradet-proche-centre-ville.html,agencemathieu.fr
,215000,,Le Pradet,44.86,2,1,AGENCE MATHIEU,,0494217300,contact@agencemathieu.fr,"43.111360159085, 6.0246042460938",,https://agencemathieu.fr/780-t2-en-rez-de-jardin-avec-grand-exterieur.html,agencemathieu.fr
,280000,,Le Pradet proche du centre,60,3,2,AGENCE MATHIEU,,0494217300,contact@agencemathieu.fr,"43.095903670861, 6.0279797214833",,https://agencemathieu.fr/771-t3-a-vendre-a-le-pradet-proche-du-centre.html,agencemathieu.fr
JPG386,330000,maison,Le Pradet,66,3,,AGENCE MATHIEU,,0494217300,contact@agencemathieu.fr,"43.106030485368, 6.0221296118896",,https://agencemathieu.fr/783-a-vendre-maison-de-plain-pied-au-calme-rare-sur-le-secteur.html,agencemathieu.fr
,208000,appartement,Le Pradet,56,3,,AGENCE MATHIEU,,0494217300,contact@agencemathieu.fr,"43.114680152331, 6.0256705651517",,https://agencemathieu.fr/785-appartement-au-calme-tout-pret-du-centre-du-pradet.html,agencemathieu.fr
,95000,,Le Pradet,30,2,1,AGENCE MATHIEU,,0494217300,contact@agencemathieu.fr,"43.101926339371, 6.0338292577654",,https://agencemathieu.fr/801-t2-a-vendre-le-pradet-pour-investissement.html,agencemathieu.fr
,120000,,Le Pradet,29,2,1,AGENCE MATHIEU,,0494217300,contact@agencemathieu.fr,"43.102890244248, 6.0124591359434",,https://agencemathieu.fr/802-t2-a-vendre-le-pradet.html,agencemathieu.fr
JPG402,,maison,Le Pradet,150,5,,AGENCE MATHIEU,,0494217300,contact@agencemathieu.fr,"43.106896760404, 6.0264730968592",,https://agencemathieu.fr/804-maison-familiale-a-louer-a-le-pradet.html,agencemathieu.fr
JPG409,469000,maison,La Valette-du-Var,173.51,5,,AGENCE MATHIEU,,0494217300,contact@agencemathieu.fr,"43.149724591808, 6.0125994872009",,https://agencemathieu.fr/827-maison-familiale-lumineuse-avec-grand-jardin-plein-sud-fort-potentiel.html,agencemathieu.fr
JPG406,368000,maison,Le Pradet,52,3,,AGENCE MATHIEU,,0494217300,contact@agencemathieu.fr,"43.082808777982, 6.0190196937446",,https://agencemathieu.fr/800-a-vendre-maison-renovee-avec-vue-mer-et-acces-direct-plage-les-oursinieres.html,agencemathieu.fr
,569000,maison,Le Pradet,104,4,2,AGENCE MATHIEU,,0494217300,contact@agencemathieu.fr,"43.107016075292, 6.0241696475217",,https://agencemathieu.fr/829-maison-familiale-au-calme-avec-jardin-sans-vis-a-vis-le-pradet.html,agencemathieu.fr
,990000,,La Garde,124,5,,AGENCE MATHIEU,,0494217300,contact@agencemathieu.fr,"43.10170018168, 5.9758205195448",,https://agencemathieu.fr/834-propriete-contemporaine-d-exception-au-calme-absolu-proche-plages-prestige.html,agencemathieu.fr
,603000,maison,Pradet,88,4,,AGENCE MATHIEU,,0494217300,contact@agencemathieu.fr,"43.092626986927, 6.0405200018893",,https://agencemathieu.fr/821-maison-recente-avec-piscine-a-vendre-au-pradet.html,agencemathieu.fr
,235000,maison,Lettres Persanes 33650,90,5,3,IMMO'SO,IMMO'SO,0676101965,m.queille@immoso.fr,,,https://immoso.fr/fr/propriete/vente+maison+loupiac+maison-3-chambres-loupiac+86878491,immoso.fr
,145000,,Lettres Persanes 33650,45,2,1,IMMO'SO,IMMO'SO,0676101965,m.queille@immoso.fr,,,https://immoso.fr/en/property/sale+apartment+la-brede+85268495,immoso.fr
,203000,maison,Lettres Persanes 33650,85,4,3,IMMO'SO,IMMO'SO,0676101965,m.queille@immoso.fr,,,https://immoso.fr/fr/propriete/vente+maison+toulenne+maison-3-chambres-avec-jardin+86870619,immoso.fr
,200000,,Lettres Persanes 33650,220,3,,IMMO'SO,IMMO'SO,0676101965,m.queille@immoso.fr,,,https://immoso.fr/en/property/rental+office+lege-cap-ferret+84340530,immoso.fr
,190000,,Lettres Persanes 33650,180,3,,IMMO'SO,IMMO'SO,0676101965,m.queille@immoso.fr,,,https://immoso.fr/en/property/rental+house+la-brede+86962471,immoso.fr
,70000,,Lettres Persanes 33650,60,3,,IMMO'SO,IMMO'SO,0676101965,m.queille@immoso.fr,,,https://immoso.fr/en/property/rental+office+la-brede+86425612,immoso.fr
,490000,,Lettres Persanes 33650,115,4,,IMMO'SO,IMMO'SO,0676101965,m.queille@immoso.fr,,,https://immoso.fr/en/property/sale+house+ares+86927775,immoso.fr
,203500,,Lettres Persanes 33650,81,4,,IMMO'SO,IMMO'SO,0676101965,m.queille@immoso.fr,,,https://immoso.fr/en/property/sale+house+cadillac-sur-garonne+86420770,immoso.fr
,389000,,Lettres Persanes 33650,116,5,,IMMO'SO,IMMO'SO,0676101965,m.queille@immoso.fr,,,https://immoso.fr/en/property/sale+house+beautiran+86780662,immoso.fr
,167500,,Lettres Persanes 33650,67.5,3,2,IMMO'SO,IMMO'SO,0676101965,m.queille@immoso.fr,,,https://immoso.fr/en/property/sale+house+cadillac-sur-garonne+86826777,immoso.fr
,790000,,Lettres Persanes 33650,146,5,,IMMO'SO,IMMO'SO,0676101965,m.queille@immoso.fr,,,https://immoso.fr/en/property/sale+house+camblanes-et-meynac+86478823,immoso.fr
,355000,,Lettres Persanes 33650,166,6,4,IMMO'SO,IMMO'SO,0676101965,m.queille@immoso.fr,,,https://immoso.fr/en/property/sale+house+cerons+86947520,immoso.fr
,298000,,Lettres Persanes 33650,103,4,2,IMMO'SO,IMMO'SO,0676101965,m.queille@immoso.fr,,,https://immoso.fr/en/property/sale+house+langon+86940605,immoso.fr
,463000,,Lettres Persanes 33650,200,7,,IMMO'SO,IMMO'SO,0676101965,m.queille@immoso.fr,,,https://immoso.fr/en/property/sale+house+leognan+85503531,immoso.fr
,212000,,Lettres Persanes 33650,100,4,3,IMMO'SO,IMMO'SO,0676101965,m.queille@immoso.fr,,,https://immoso.fr/en/property/sale+house+podensac+85671460,immoso.fr
,235000,,Lettres Persanes 33650,90,5,3,IMMO'SO,IMMO'SO,0676101965,m.queille@immoso.fr,,,https://immoso.fr/en/property/sale+house+loupiac+86878491,immoso.fr
,399000,,Lettres Persanes 33650,,,,IMMO'SO,IMMO'SO,0676101965,m.queille@immoso.fr,,,https://immoso.fr/en/property/sale+house+saint-selve+84204347,immoso.fr
,200000,,Lettres Persanes 33650,750,,,IMMO'SO,IMMO'SO,0676101965,m.queille@immoso.fr,,,https://immoso.fr/en/property/sale+land+la-brede+84743586,immoso.fr
,203000,,Lettres Persanes 33650,85,4,,IMMO'SO,IMMO'SO,0676101965,m.queille@immoso.fr,,,https://immoso.fr/en/property/sale+house+toulenne+86870619,immoso.fr
,230000,,Lettres Persanes 33650,152,5,3,IMMO'SO,IMMO'SO,0676101965,m.queille@immoso.fr,,,https://immoso.fr/en/property/sale+house+portets+86717224,immoso.fr
,230000,,Lettres Persanes 33650,940,,,IMMO'SO,IMMO'SO,0676101965,m.queille@immoso.fr,,,https://immoso.fr/en/property/sale+land+la-brede+86826870,immoso.fr
,450000,,Lettres Persanes 33650,430,,,IMMO'SO,IMMO'SO,0676101965,m.queille@immoso.fr,,,https://immoso.fr/en/property/sale+land+lege-cap-ferret+85965783,immoso.fr
,290000,,Lettres Persanes 33650,180,1,,IMMO'SO,IMMO'SO,0676101965,m.queille@immoso.fr,,,https://immoso.fr/en/property/sale+warehouse+la-brede+84201873,immoso.fr
,190000,local,Lettres Persanes 33650,180,3,,IMMO'SO,IMMO'SO,0676101965,m.queille@immoso.fr,,,https://immoso.fr/fr/propriete/location+maison+la-brede+local-d-activite-amenage+86962471,immoso.fr
,490000,maison,Lettres Persanes 33650,115,4,3,IMMO'SO,IMMO'SO,0676101965,m.queille@immoso.fr,,,https://immoso.fr/fr/propriete/vente+maison+ares+saint-brice-100m-de-la-plage+86927775,immoso.fr
,389000,maison,Lettres Persanes 33650,116,5,4,IMMO'SO,IMMO'SO,0676101965,m.queille@immoso.fr,,,https://immoso.fr/fr/propriete/vente+maison+beautiran+maison-contemporaine-plain-pied-20-min-de-bordeaux+86780662,immoso.fr
,167500,maison,Lettres Persanes 33650,67.5,3,2,IMMO'SO,IMMO'SO,0676101965,m.queille@immoso.fr,,,https://immoso.fr/fr/propriete/vente+maison+cadillac-sur-garonne+maison-de-bourg-avec-exterieur+86826777,immoso.fr
,355000,maison,Lettres Persanes 33650,166,6,4,IMMO'SO,IMMO'SO,0676101965,m.queille@immoso.fr,,,https://immoso.fr/fr/propriete/vente+maison+cerons+maison-de-caractere-du-17-ieme+86947520,immoso.fr
,230000,terrain,Lettres Persanes 33650,940,,,IMMO'SO,IMMO'SO,0676101965,m.queille@immoso.fr,,,https://immoso.fr/fr/propriete/vente+terrain+la-brede+terrain-constructible-la-brede+86826870,immoso.fr
,298000,maison,Lettres Persanes 33650,103,4,2,IMMO'SO,IMMO'SO,0676101965,m.queille@immoso.fr,,,https://immoso.fr/fr/propriete/vente+maison+langon+maison-de-2017-centre-de-langon+86940605,immoso.fr
,230000,maison,Lettres Persanes 33650,152,5,3,IMMO'SO,IMMO'SO,0676101965,m.queille@immoso.fr,,,https://immoso.fr/fr/propriete/vente+maison+portets+maison-3ch-152m-habitable-portets+86717224,immoso.fr
,1900,,Lettres Persanes 33650,86962471180,,,IMMO'SO,IMMO'SO,0676101965,m.queille@immoso.fr,,,https://immoso.fr/en/agency/20913,immoso.fr
,449000,,Lettres Persanes 33650,8668205941168,,,IMMO'SO,,0676101965,m.queille@immoso.fr,,,https://immoso.fr/en/search?page=2,immoso.fr
,,maison,Référence 0129,90,5,4,Agence des Flots,,0240822069,agence.des.flots@wanadoo.fr,,,https://agencedesflots.com/fiches/0-1-26_22731860/maison-prefailles-5-pieces-90-m2.html,agencedesflots.com
,750000,maison,Référence 250801,114.25,4,4,Agence des Flots,,0240822069,agence.des.flots@wanadoo.fr,,,https://agencedesflots.com/fiches/4-40-26_59087269/maison-3ch-114m2-prefailles-vue-mer.html,agencedesflots.com
,,maison,PREFAILLES,114,4,,Agence des Flots,,0240822069,,,,https://agencedesflots.com/ville_bien/PREFAILLES_1_2__Vente/achat-vente-maison-prefailles.html,agencedesflots.com
,,maison,Référence 220902,2500,6,2,Agence des Flots,,0240822069,agence.des.flots@wanadoo.fr,,,https://agencedesflots.com/fiches/0-1-26_50690688/pornic-maison-6-pieces-piscine-terrain-2500m2.html,agencedesflots.com
,,appartement,PORNIC,113.70,4,1,Agence des Flots,,0240822069,,,,https://agencedesflots.com/ville_bien/PORNIC_1_1__Vente/achat-vente-appartement-pornic.html,agencedesflots.com
LA25489,,appartement,Strasbourg 67000,,2,1,GROUPIMMO Obernai,Obernai Groupimmo,0388338383,,,,"https://groupimmo.pro/location/appartement-t2-2-pieces-strasbourg-67000,LA25489",groupimmo.pro
LA25713,,appartement,Strasbourg 67100,,2,1,GROUPIMMO Obernai,Obernai Groupimmo,0388338383,,,,"https://groupimmo.pro/location/appartement-t2-2-pieces-strasbourg-67100,LA25713",groupimmo.pro
LA25782,,appartement,Strasbourg 67000,,2,1,GROUPIMMO Obernai,Obernai Groupimmo,0388338383,,,,"https://groupimmo.pro/location/appartement-t2-2-pieces-strasbourg-67000,LA25782",groupimmo.pro
LA25715,,appartement,Strasbourg 67100,,1,0,GROUPIMMO Obernai,Obernai Groupimmo,0388338383,,,,"https://groupimmo.pro/location/appartement-t1-1-piece-strasbourg-67100,LA25715",groupimmo.pro
LA25719,,appartement,Hunawihr 68150,,3,2,GROUPIMMO Obernai,Obernai Groupimmo,0388338383,,,,"https://groupimmo.pro/location/appartement-t3-3-pieces-hunawihr-68150,LA25719",groupimmo.pro
LA25532,,appartement,Graffenstaden 67400,,3,2,GROUPIMMO Obernai,Obernai Groupimmo,0388338383,,,,"https://groupimmo.pro/location/appartement-t3-3-pieces-illkirch-graffenstaden-67400,LA25532",groupimmo.pro
LA25628,,appartement,Wintzenheim 68920,,3,2,GROUPIMMO Obernai,Obernai Groupimmo,0388338383,,,,"https://groupimmo.pro/location/appartement-t3-3-pieces-wintzenheim-68920,LA25628",groupimmo.pro
LA25725,,appartement,Colmar 68000,4,2,1,GROUPIMMO Obernai,Obernai Groupimmo,0388338383,,,,"https://groupimmo.pro/location/appartement-t2-3-3-pieces-colmar-68000,LA25725",groupimmo.pro
LA24863,,appartement,Strasbourg 67100,,4,3,GROUPIMMO Obernai,Obernai Groupimmo,0388338383,,,,"https://groupimmo.pro/location/appartement-t4-4-pieces-strasbourg-67100,LA24863",groupimmo.pro
VA22246,,appartement,Strasbourg 67100,,1,0,GROUPIMMO Obernai,Obernai Groupimmo,0388338383,,,,"https://groupimmo.pro/vente/appartement-t1-1-piece-strasbourg-67100,VA22246",groupimmo.pro
,,,Bordeaux Pauillac 33460,55,,3,LGO IMMOBILIER,,0640263463,contact@lgo-immobilier.fr,,,https://lgo-immobilier.fr/,lgo-immobilier.fr
,230000,bureau,MACAU Macau 33460,90,,,LGO IMMOBILIER,Lgo Immobilier,0640263463,,"44.997004577927, -0.61532838409486",,https://lgo-immobilier.fr/vente-pro/1-macau/bureaux/76-local-professionne-avec-stationnement-de-90-m-macau,lgo-immobilier.fr
,,local,BLANQUEFORT ZONE INDUSTRIELLE Blanquefort 33290,900,,,LGO IMMOBILIER,Retour Réf,0640263463,,"44.916226766225, -0.61465511951529",,https://lgo-immobilier.fr/location-pro/104-blanquefort/local-commercial/127-local-d-activite-blanquefort-zone-industrielle,lgo-immobilier.fr
,,bureau,Gauriaguet Gauriaguet,8800,,,LGO IMMOBILIER,Lgo Immobilier,0640263463,,"45.041463168752, -0.4110350223479",,https://lgo-immobilier.fr/location-pro/133-gauriaguet/terrains/130-a-louer-terrain-cabanon-amenageen-bureaux-a-gauriaguet,lgo-immobilier.fr
,99500,garage,ELECTRICITÉ Macau 33460,55,,,LGO IMMOBILIER,Lgo Immobilier,0640263463,,"44.997866563751, -0.60619035591372",,https://lgo-immobilier.fr/vente/1-macau/garage/111-garage-55-m-eau-electricite,lgo-immobilier.fr
,121000,local commercial,Macau 33460,55,,,LGO IMMOBILIER,Lgo Immobilier,0640263463,,"45.028110485933, -0.62004249577005",,https://lgo-immobilier.fr/vente-pro/1-macau/entrepot/72-local-commercial-55-m-sur-98-m-de-parcelle,lgo-immobilier.fr
,101000,local commercial,ARTISANALE DU LOMBARDON Macau 33460,55,,,LGO IMMOBILIER,Retour Réf,0640263463,,"44.988342428326, -0.61827558090434",,https://lgo-immobilier.fr/vente-pro/1-macau/local-commercial/85-local-commercial-zone-artisanale-du-lombardon,lgo-immobilier.fr
128-,77000,,Margaux cantenac,80,1,,LGO IMMOBILIER,Lgo Immobilier,0640263463,,"45.029939442908, -0.68729975754898",,https://lgo-immobilier.fr/vente/211-margaux-cantenac/autre/128-,lgo-immobilier.fr
TM1004,446000,appartement,L'intendance 33000,78.86,3,2,GRISEL Immobilier,Immobilier Grisel,0659694748,t.michenot@grisel.fr,,,https://grisel-immobilier.fr/fr/propriete/vente+appartement+bordeaux+appartement-t3-bordeaux-gambetta+86346810,grisel-immobilier.fr
CC1002,456000,appartement,L'intendance 33000,65,2,1,GRISEL Immobilier,Immobilier Grisel,0630834250,c.candeloro@grisel.fr,,,https://grisel-immobilier.fr/fr/propriete/vente+appartement+bordeaux+appartement-t2-bordeaux-triangle+86087939,grisel-immobilier.fr
,1233750,maison,L'intendance 33000,120,4,2,GRISEL Immobilier,Immobilier Grisel,0630834250,c.candeloro@grisel.fr,,,https://grisel-immobilier.fr/fr/propriete/86088198,grisel-immobilier.fr
TM1003,449500,appartement,L'intendance 33000,89,3,2,GRISEL Immobilier,Immobilier Grisel,0659694748,t.michenot@grisel.fr,,,https://grisel-immobilier.fr/fr/propriete/vente+appartement+bordeaux+appartement-t3-bordeaux-pey-berland+86088227,grisel-immobilier.fr
CC1004,556000,appartement,L'intendance 33000,100,3,2,GRISEL Immobilier,Immobilier Grisel,0630834250,c.candeloro@grisel.fr,,,https://grisel-immobilier.fr/fr/propriete/vente+appartement+bordeaux+appartement-t3-bordeaux-jardin-public+86088236,grisel-immobilier.fr
TM1011,699000,appartement,L'intendance 33000,125,5,3,GRISEL Immobilier,Immobilier Grisel,0659694748,t.michenot@grisel.fr,,,https://grisel-immobilier.fr/fr/propriete/vente+appartement+bordeaux+appartement-t4-5-bordeaux-quinconces+86174281,grisel-immobilier.fr
CC1003,780000,appartement,L'intendance 33000,160,4,2,GRISEL Immobilier,Immobilier Grisel,0630834250,c.candeloro@grisel.fr,,,https://grisel-immobilier.fr/fr/propriete/vente+appartement+bordeaux+appartement-t4-bordeaux-place-du-palais+86088219,grisel-immobilier.fr
CC1005,488000,appartement,L'intendance 33000,102.45,4,3,GRISEL Immobilier,Immobilier Grisel,0630834250,c.candeloro@grisel.fr,,,https://grisel-immobilier.fr/fr/propriete/vente+appartement+bordeaux+appartement-t4-bordeaux-croix-blanche+86358384,grisel-immobilier.fr
TM1012,722500,appartement,L'intendance 33000,108,5,3,GRISEL Immobilier,Immobilier Grisel,0659694748,t.michenot@grisel.fr,,,https://grisel-immobilier.fr/fr/propriete/vente+appartement+bordeaux+appartement-t4-bordeaux-triangle+86476707,grisel-immobilier.fr
TM1005,480000,appartement,L'intendance 33000,52.67,2,1,GRISEL Immobilier,Immobilier Grisel,0659694748,t.michenot@grisel.fr,,,https://grisel-immobilier.fr/fr/propriete/vente+appartement+bordeaux+splendide-appartement-t2-bordeaux-gambetta+86088093,grisel-immobilier.fr
TM1007,588000,appartement,L'intendance 33000,114.83,4,2,GRISEL Immobilier,Immobilier Grisel,0659694748,t.michenot@grisel.fr,,,https://grisel-immobilier.fr/fr/propriete/vente+appartement+bordeaux+appartement-t4-spacieux-bordeaux-quinconces+86192332,grisel-immobilier.fr
,525000,appartement,L'intendance 33000,99.25,4,3,GRISEL Immobilier,Immobilier Grisel,0659694748,t.michenot@grisel.fr,,,https://grisel-immobilier.fr/fr/propriete/vente+appartement+bordeaux+bordeaux-st-genes-appartement-t4-duplex+86874260,grisel-immobilier.fr
CC1006,336000,duplex,L'intendance 33000,50.86,2,2,GRISEL Immobilier,Immobilier Grisel,0630834250,c.candeloro@grisel.fr,,,https://grisel-immobilier.fr/fr/propriete/vente+appartement+bordeaux+triangle-d-or-charmant-t2-en-duplex+86088218,grisel-immobilier.fr
,1880000,maison,Argent 33120,60,5,4,GRISEL Immobilier,Immobilier Grisel,0608832319,arcachon@grisel.fr,,,https://grisel-immobilier.fr/fr/propriete/vente+maison+arcachon+maison-5-pieces-arcachon+86198524,grisel-immobilier.fr
TM1017,1080000,maison,L'intendance 33000,164,8,4,GRISEL Immobilier,Immobilier Grisel,0659694748,t.michenot@grisel.fr,,,https://grisel-immobilier.fr/fr/propriete/vente+maison+bordeaux+belle-maison-bordelaise-8-pieces-terrasse-jardin+86088078,grisel-immobilier.fr
TM1010,699000,maison,L'intendance 33000,178,6,3,GRISEL Immobilier,Immobilier Grisel,0659694748,t.michenot@grisel.fr,,,https://grisel-immobilier.fr/fr/propriete/vente+maison+bordeaux+belle-maison-pierre-6-pieces-patio-bordeaux-st-bruno+86088166,grisel-immobilier.fr
,2200000,maison,L'intendance 33000,290,7,7,GRISEL Immobilier,Immobilier Grisel,0630834250,c.candeloro@grisel.fr,,,https://grisel-immobilier.fr/fr/propriete/vente+maison+bordeaux+maison-de-maitre-7-pieces-bordeaux-cauderan-centre+86087954,grisel-immobilier.fr
,1312500,maison,L'intendance 33000,300,10,5,GRISEL Immobilier,Immobilier Grisel,0630834250,c.candeloro@grisel.fr,,,https://grisel-immobilier.fr/fr/propriete/vente+maison+bordeaux+maison-10-pieces-bordeaux-saint-seurin+86223942,grisel-immobilier.fr
CC1010,2150000,maison,L'intendance 33000,390,8,7,GRISEL Immobilier,Immobilier Grisel,0630834250,c.candeloro@grisel.fr,,,https://grisel-immobilier.fr/fr/propriete/vente+maison+bordeaux+maison-bourgeoise-8-pieces-jardin-bordeaux-saint-seurin+86088073,grisel-immobilier.fr
,252000,appartement,Argent 33120,37.59,2,1,GRISEL Immobilier,Immobilier Grisel,0608832319,arcachon@grisel.fr,,,https://grisel-immobilier.fr/fr/propriete/vente+appartement+arcachon+appartement-studio-bis-arcachon-pereire+86088162,grisel-immobilier.fr
,1463000,maison,Canon,179,7,5,GRISEL Immobilier,Immobilier Grisel,0788547142,f.libretti@grisel.fr,,,https://grisel-immobilier.fr/fr/propriete/vente+maison+lege-cap-ferret+maison-familiale-de-5-chambres-au-canon+86750772,grisel-immobilier.fr
CC1014,703000,appartement,L'intendance 33000,134,5,2,GRISEL Immobilier,Immobilier Grisel,0630834250,c.candeloro@grisel.fr,,,https://grisel-immobilier.fr/fr/propriete/vente+appartement+bordeaux+appartement-bordeaux-place-de-la-bourse+86783336,grisel-immobilier.fr
CC1011,892000,appartement,L'intendance 33000,,4,2,GRISEL Immobilier,Immobilier Grisel,0630834250,c.candeloro@grisel.fr,,,https://grisel-immobilier.fr/fr/propriete/vente+appartement+bordeaux+bordeaux-jardin-public-appartement-avec-terrasse+86743154,grisel-immobilier.fr
LA12652,,appartement,Strasbourg 67000,,1,0,IMBS IMMOBILIERE SERVICES,,0983665582,,,,"https://imbs-immo.com/location/appartement-t1-1-piece-strasbourg-67000,LA12652",imbs-immo.com
2zR9,,appartement,Mulhouse 68200,,1,0,IMBS IMMOBILIERE SERVICES,,0983665582,,,,"https://imbs-immo.com/location/appartement-t1-2-1-piece-mulhouse-68200,LA13605",imbs-immo.com
LA13933,,appartement,Strasbourg 67000,,1,0,IMBS IMMOBILIERE SERVICES,,0983665582,,,,"https://imbs-immo.com/location/appartement-t1-1-piece-strasbourg-67000,LA13933",imbs-immo.com
LA13624,,appartement,Strasbourg 67000,,1,0,IMBS IMMOBILIERE SERVICES,,0983665582,,,,"https://imbs-immo.com/location/appartement-t1-1-piece-strasbourg-67000,LA13624",imbs-immo.com
LA13974,,appartement,Strasbourg 67000,,1,0,IMBS IMMOBILIERE SERVICES,,0983665582,,,,"https://imbs-immo.com/location/appartement-t1-5-pieces-strasbourg-67000,LA13974",imbs-immo.com
LA13506,,appartement,Colmar 68000,,2,1,IMBS IMMOBILIERE SERVICES,,0983665582,,,,"https://imbs-immo.com/location/appartement-t2-2-pieces-colmar-68000,LA13506",imbs-immo.com
LA14083,,appartement,Colmar 68000,,2,1,IMBS IMMOBILIERE SERVICES,,0983665582,,,,"https://imbs-immo.com/location/appartement-t2-2-pieces-colmar-68000,LA14083",imbs-immo.com
LA14105,,appartement,Colmar 68000,,2,1,IMBS IMMOBILIERE SERVICES,,0983665582,,,,"https://imbs-immo.com/location/appartement-t2-2-pieces-colmar-68000,LA14105",imbs-immo.com
LA14017,,appartement,Mulhouse 68100,,2,1,IMBS IMMOBILIERE SERVICES,,0983665582,,,,"https://imbs-immo.com/location/appartement-t2-2-pieces-mulhouse-68100,LA14017",imbs-immo.com
LA14036,,appartement,Mulhouse 68100,6,2,1,IMBS IMMOBILIERE SERVICES,,0983665582,,,,"https://imbs-immo.com/location/appartement-t2-2-pieces-mulhouse-68100,LA14036",imbs-immo.com
LA14035,,appartement,Mulhouse 68100,8,2,1,IMBS IMMOBILIERE SERVICES,,0983665582,,,,"https://imbs-immo.com/location/appartement-t2-2-pieces-mulhouse-68100,LA14035",imbs-immo.com
LA14090,,appartement,Mittelhausbergen 67206,,2,1,IMBS IMMOBILIERE SERVICES,,0983665582,,,,"https://imbs-immo.com/location/appartement-t2-2-pieces-mittelhausbergen-67206,LA14090",imbs-immo.com
,6000,parking,Places Jules Mercier 74200,,,,TiT immobilier,Tit Immobilier,0450710762,agence@tit-immobilier.com,,A,https://tit-immobilier.com/fr/propri%C3%A9t%C3%A9/3173608,tit-immobilier.com
,170000,terrain,LA CHAPELLE D'ABONDANCE,1022,,,TiT immobilier,Tit Immobilier,0450710762,agence@tit-immobilier.com,,A,https://tit-immobilier.com/fr/propri%C3%A9t%C3%A9/3264528,tit-immobilier.com
,93000,appartement,Places Jules Mercier 74200,52.14,29,1,TiT immobilier,Tit Immobilier,0450710762,agence@tit-immobilier.com,,B,https://tit-immobilier.com/fr/propri%C3%A9t%C3%A9/5637470,tit-immobilier.com
A002,309000,appartement,Places Jules Mercier 74200,73.71,4,1,TiT immobilier,Tit Immobilier,0450710762,agence@tit-immobilier.com,,,https://tit-immobilier.com/fr/propri%C3%A9t%C3%A9/84897151,tit-immobilier.com
,460000,appartement,Places Jules Mercier 74200,71.89,3,1,TiT immobilier,Tit Immobilier,0450710762,agence@tit-immobilier.com,,B,https://tit-immobilier.com/fr/propri%C3%A9t%C3%A9/7297275,tit-immobilier.com
65-9,180000,terrain,Abondance,719,,,TiT immobilier,Tit Immobilier,0450710762,agence@tit-immobilier.com,,,https://tit-immobilier.com/fr/propri%C3%A9t%C3%A9/7923408,tit-immobilier.com
,93000,appartement,Places Jules Mercier 74200,65.98,,1,TiT immobilier,Tit Immobilier,0450710762,agence@tit-immobilier.com,,F,https://tit-immobilier.com/fr/propri%C3%A9t%C3%A9/5235778,tit-immobilier.com
,10000,local,Places Jules Mercier 74200,50,,,TiT immobilier,Tit Immobilier,0450710762,agence@tit-immobilier.com,,A,https://tit-immobilier.com/fr/propri%C3%A9t%C3%A9/82619685,tit-immobilier.com
,249000,appartement,Places Jules Mercier 74200,83.01,,1,TiT immobilier,Tit Immobilier,0450710762,agence@tit-immobilier.com,,E,https://tit-immobilier.com/fr/propri%C3%A9t%C3%A9/83195685,tit-immobilier.com
,269000,appartement,Places Jules Mercier 74200,73,3,,TiT immobilier,Tit Immobilier,0450710762,agence@tit-immobilier.com,,,https://tit-immobilier.com/fr/propri%C3%A9t%C3%A9/85533202,tit-immobilier.com
,10000,,Places Jules Mercier 74200,12,,,TiT immobilier,Tit Immobilier,0450710762,agence@tit-immobilier.com,,A,https://tit-immobilier.com/fr/propri%C3%A9t%C3%A9/85658961,tit-immobilier.com
,349000,appartement,Places Jules Mercier 74200,79.65,25,1,TiT immobilier,Tit Immobilier,0450710762,agence@tit-immobilier.com,,D,https://tit-immobilier.com/fr/propri%C3%A9t%C3%A9/86124957,tit-immobilier.com
,129000,garage,Places Jules Mercier 74200,70.94,1,1,TiT immobilier,Tit Immobilier,0450710762,agence@tit-immobilier.com,,E,https://tit-immobilier.com/fr/propri%C3%A9t%C3%A9/85563719,tit-immobilier.com
,48000,bureau,Places Jules Mercier 74200,46,15,,TiT immobilier,Tit Immobilier,0450710762,agence@tit-immobilier.com,,A,https://tit-immobilier.com/fr/propri%C3%A9t%C3%A9/86658771,tit-immobilier.com
,299000,maison,Places Jules Mercier 74200,125.74,4,1,TiT immobilier,Tit Immobilier,0450710762,agence@tit-immobilier.com,,F,https://tit-immobilier.com/fr/propri%C3%A9t%C3%A9/86208494,tit-immobilier.com
,475000,appartement,Places Jules Mercier 74200,124.4,4,1,TiT immobilier,Tit Immobilier,0450710762,agence@tit-immobilier.com,,D,https://tit-immobilier.com/fr/propri%C3%A9t%C3%A9/86480754,tit-immobilier.com
,12000,garage,Places Jules Mercier 74200,,,,TiT immobilier,Tit Immobilier,0450710762,agence@tit-immobilier.com,,A,https://tit-immobilier.com/fr/propri%C3%A9t%C3%A9/86905483,tit-immobilier.com
,300000,appartement,Messery,73.25,4,1,TiT immobilier,Tit Immobilier,0450710762,agence@tit-immobilier.com,,D,https://tit-immobilier.com/fr/propri%C3%A9t%C3%A9/86601120,tit-immobilier.com
,160000,appartement,Places Jules Mercier 74200,28.38,2,1,TiT immobilier,Tit Immobilier,0450710762,agence@tit-immobilier.com,,E,https://tit-immobilier.com/fr/propri%C3%A9t%C3%A9/86954868,tit-immobilier.com
,1272000,maison,Places Jules Mercier 74200,240.2,,4,TiT immobilier,Tit Immobilier,0450710762,agence@tit-immobilier.com,,E,https://tit-immobilier.com/fr/propri%C3%A9t%C3%A9/86679400,tit-immobilier.com
STM-740,157500,maison,Asserac,39.94,2,1,PIRIAC IMMOBILIER,Piriac Immobilier,0240235856,,"47.4290122, -2.3901666",,https://piriac-immobilier.fr/fr/maison-vente-asserac-44-169632070.html,piriac-immobilier.fr
OC-874,343000,maison,Mesquer,104.20,6,4,PIRIAC IMMOBILIER,Piriac Immobilier,0617361666,,"47.399336, -2.458874",,https://piriac-immobilier.fr/fr/maison-vente-mesquer-44-168427268.html,piriac-immobilier.fr
S-770,440000,maison,Mesquer,108,4,3,PIRIAC IMMOBILIER,Piriac Immobilier,0240235856,,"47.399336, -2.458874",,https://piriac-immobilier.fr/fr/maison-vente-mesquer-44-168968935.html,piriac-immobilier.fr
OC-1004,465000,maison,Mesquer,132.45,5,4,PIRIAC IMMOBILIER,Piriac Immobilier,0617361666,,"47.399336, -2.458874",,https://piriac-immobilier.fr/fr/maison-vente-mesquer-44-170137675.html,piriac-immobilier.fr
OC-937,550500,maison,Mesquer,86.73,3,2,PIRIAC IMMOBILIER,Piriac Immobilier,0617361666,,"47.399336, -2.458874",,https://piriac-immobilier.fr/fr/maison-vente-mesquer-44-169869008.html,piriac-immobilier.fr
PI-983,152000,appartement,Piriac Sur Mer,34.20,2,1,PIRIAC IMMOBILIER,Piriac Immobilier,0240235856,,"47.3807108, -2.545705",,https://piriac-immobilier.fr/fr/appartement-vente-piriac-sur-mer-44-172546412.html,piriac-immobilier.fr
S-634,420000,maison,Mesquer,125,6,4,PIRIAC IMMOBILIER,Piriac Immobilier,0240235856,,"47.399336, -2.458874",,https://piriac-immobilier.fr/fr/maison-vente-mesquer-44-171203711.html,piriac-immobilier.fr
OC-958,440000,maison,Mesquer,104.23,4,3,PIRIAC IMMOBILIER,Piriac Immobilier,0617361666,,"47.399336, -2.458874",,https://piriac-immobilier.fr/fr/maison-vente-mesquer-44-170918267.html,piriac-immobilier.fr
S-897,447200,maison,Mesquer,131.66,5,4,PIRIAC IMMOBILIER,Piriac Immobilier,0240235856,,"47.399336, -2.458874",,https://piriac-immobilier.fr/fr/maison-vente-mesquer-44-171629573.html,piriac-immobilier.fr
S-625,384800,maison,Mesquer,195,7,4,PIRIAC IMMOBILIER,Piriac Immobilier,0240235856,,"47.399336, -2.458874",,https://piriac-immobilier.fr/fr/maison-vente-mesquer-44-171539618.html,piriac-immobilier.fr
S-1140,455840,maison,Mesquer,110,5,3,PIRIAC IMMOBILIER,Piriac Immobilier,0240235856,,"47.399336, -2.458874",,https://piriac-immobilier.fr/fr/maison-vente-mesquer-44-172447864.html,piriac-immobilier.fr
OC-473,475000,maison,Mesquer,127,6,4,PIRIAC IMMOBILIER,Piriac Immobilier,0617361666,,"47.399336, -2.458874",,https://piriac-immobilier.fr/fr/maison-vente-mesquer-44-172249627.html,piriac-immobilier.fr
OC-1144,364000,maison,Mesquer,90.32,5,4,PIRIAC IMMOBILIER,Piriac Immobilier,0240235856,,"47.399336, -2.458874",,https://piriac-immobilier.fr/fr/maison-vente-mesquer-44-172603778.html,piriac-immobilier.fr
OC-921,418000,maison,Mesquer,135,5,4,PIRIAC IMMOBILIER,Piriac Immobilier,0617361666,,"47.399336, -2.458874",,https://piriac-immobilier.fr/fr/maison-vente-mesquer-44-172697378.html,piriac-immobilier.fr
PI-364,231000,maison,Piriac Sur Mer,26.40,3,2,PIRIAC IMMOBILIER,Piriac Immobilier,0240235856,,"47.3807108, -2.545705",,https://piriac-immobilier.fr/fr/maison-vente-piriac-sur-mer-44-163516035.html,piriac-immobilier.fr
PI-558,332800,maison,Piriac Sur Mer,103,5,4,PIRIAC IMMOBILIER,Piriac Immobilier,0240235856,,"47.3807108, -2.545705",,https://piriac-immobilier.fr/fr/maison-vente-piriac-sur-mer-44-170024749.html,piriac-immobilier.fr
PI-607,1248000,maison,Piriac Sur Mer,210,7,5,PIRIAC IMMOBILIER,Piriac Immobilier,0240235856,,"47.3807108, -2.545705",,https://piriac-immobilier.fr/fr/maison-vente-piriac-sur-mer-44-169365238.html,piriac-immobilier.fr
PI-950,395200,maison,Piriac Sur Mer,78,4,3,PIRIAC IMMOBILIER,Piriac Immobilier,0240235856,,"47.3807108, -2.545705",,https://piriac-immobilier.fr/fr/maison-vente-piriac-sur-mer-44-169338132.html,piriac-immobilier.fr
PI-400,374400,maison,Piriac Sur Mer,86.74,4,3,PIRIAC IMMOBILIER,Piriac Immobilier,0240235856,,"47.3807108, -2.545705",,https://piriac-immobilier.fr/fr/maison-vente-piriac-sur-mer-44-170339305.html,piriac-immobilier.fr
S-1025,444000,maison,Piriac Sur Mer,110.58,5,4,PIRIAC IMMOBILIER,Piriac Immobilier,0240235856,,"47.3807108, -2.545705",,https://piriac-immobilier.fr/fr/maison-vente-piriac-sur-mer-44-170258859.html,piriac-immobilier.fr
PI-997,493500,maison,Piriac Sur Mer,83.30,6,5,PIRIAC IMMOBILIER,Piriac Immobilier,0240235856,,"47.3807108, -2.545705",,https://piriac-immobilier.fr/fr/maison-vente-piriac-sur-mer-44-170423579.html,piriac-immobilier.fr
PI-728,555000,maison,Piriac Sur Mer,159,7,6,PIRIAC IMMOBILIER,Piriac Immobilier,0240235856,,"47.3807108, -2.545705",,https://piriac-immobilier.fr/fr/maison-vente-piriac-sur-mer-44-171507436.html,piriac-immobilier.fr
OC-1125,435000,maison,Piriac Sur Mer,104,6,5,PIRIAC IMMOBILIER,Piriac Immobilier,0617361666,,"47.3807108, -2.545705",,https://piriac-immobilier.fr/fr/maison-vente-piriac-sur-mer-44-172148025.html,piriac-immobilier.fr
PI-1090,630000,maison,Piriac Sur Mer,109.70,5,4,PIRIAC IMMOBILIER,Piriac Immobilier,0240235856,,"47.3807108, -2.545705",,https://piriac-immobilier.fr/fr/maison-vente-piriac-sur-mer-44-172284118.html,piriac-immobilier.fr
PI-1074,651000,maison,Piriac Sur Mer,130.28,6,4,PIRIAC IMMOBILIER,Piriac Immobilier,0240235856,,"47.3807108, -2.545705",,https://piriac-immobilier.fr/fr/maison-vente-piriac-sur-mer-44-172374919.html,piriac-immobilier.fr
PI-1016,409500,maison,Piriac Sur Mer,76.03,4,3,PIRIAC IMMOBILIER,Piriac Immobilier,0240235856,,"47.3807108, -2.545705",,https://piriac-immobilier.fr/fr/maison-vente-piriac-sur-mer-44-172546413.html,piriac-immobilier.fr
OC-1149,229000,maison,Piriac Sur Mer,29.45,3,2,PIRIAC IMMOBILIER,Piriac Immobilier,0240235856,,"47.3807108, -2.545705",,https://piriac-immobilier.fr/fr/maison-vente-piriac-sur-mer-44-172603780.html,piriac-immobilier.fr
PI-1142,220000,maison,Piriac Sur Mer,29.65,3,2,PIRIAC IMMOBILIER,Piriac Immobilier,0240235856,,"47.3807108, -2.545705",,https://piriac-immobilier.fr/fr/maison-vente-piriac-sur-mer-44-172611423.html,piriac-immobilier.fr
PI-1020,322400,maison,Piriac Sur Mer,57.74,5,4,PIRIAC IMMOBILIER,Piriac Immobilier,0240235856,,"47.3807108, -2.545705",,https://piriac-immobilier.fr/fr/maison-vente-piriac-sur-mer-44-172546414.html,piriac-immobilier.fr
OC-1148,399000,maison,Piriac Sur Mer,76.81,4,3,PIRIAC IMMOBILIER,Piriac Immobilier,0240235856,,"47.3807108, -2.545705",,https://piriac-immobilier.fr/fr/maison-vente-piriac-sur-mer-44-172603779.html,piriac-immobilier.fr
PI-1109,362000,maison,Piriac Sur Mer,67,4,3,PIRIAC IMMOBILIER,Piriac Immobilier,0240235856,,"47.3807108, -2.545705",,https://piriac-immobilier.fr/fr/maison-vente-piriac-sur-mer-44-172697379.html,piriac-immobilier.fr
PI-1124,551000,maison,Piriac Sur Mer,100,6,5,PIRIAC IMMOBILIER,Piriac Immobilier,0240235856,,"47.3807108, -2.545705",,https://piriac-immobilier.fr/fr/maison-vente-piriac-sur-mer-44-172697380.html,piriac-immobilier.fr
PI-1162,334400,maison,Piriac Sur Mer,76.07,4,3,PIRIAC IMMOBILIER,Piriac Immobilier,0240235856,,"47.3807108, -2.545705",,https://piriac-immobilier.fr/fr/maison-vente-piriac-sur-mer-44-172697382.html,piriac-immobilier.fr
PI-1160,682500,maison,Piriac Sur Mer,180,8,5,PIRIAC IMMOBILIER,Piriac Immobilier,0240235856,,"47.3807108, -2.545705",,https://piriac-immobilier.fr/fr/maison-vente-piriac-sur-mer-44-172721675.html,piriac-immobilier.fr
OC-595,870000,maison,Quimiac,200,10,8,PIRIAC IMMOBILIER,Piriac Immobilier,0617361666,,"47.4085838, -2.4851614",,https://piriac-immobilier.fr/fr/maison-vente-quimiac-44-170566638.html,piriac-immobilier.fr
S-651,365000,maison,Quimiac,161.03,3,1,PIRIAC IMMOBILIER,Piriac Immobilier,0240235856,,"47.4085838, -2.4851614",,https://piriac-immobilier.fr/fr/maison-vente-quimiac-44-167555863.html,piriac-immobilier.fr
S-637,776250,maison,Quimiac,197.73,8,5,PIRIAC IMMOBILIER,Piriac Immobilier,0240235856,,"47.4085838, -2.4851614",,https://piriac-immobilier.fr/fr/maison-vente-quimiac-44-170644440.html,piriac-immobilier.fr
S-1106,574000,maison,Quimiac,142.05,5,4,PIRIAC IMMOBILIER,Piriac Immobilier,0240235856,,"47.4085838, -2.4851614",,https://piriac-immobilier.fr/fr/maison-vente-quimiac-44-172203373.html,piriac-immobilier.fr
STM-1017,420000,maison,Saint Molf,127.46,5,3,PIRIAC IMMOBILIER,Piriac Immobilier,0240235856,,"47.3908141, -2.4251867",,https://piriac-immobilier.fr/fr/maison-vente-saint-molf-44-170552412.html,piriac-immobilier.fr
OC-993,374000,maison,Saint Molf,127.03,5,3,PIRIAC IMMOBILIER,Piriac Immobilier,0617361666,,"47.3908141, -2.4251867",,https://piriac-immobilier.fr/fr/maison-vente-saint-molf-44-169893305.html,piriac-immobilier.fr
STM-1108,270400,maison,Saint Molf,73.32,4,3,PIRIAC IMMOBILIER,Piriac Immobilier,0240235856,,"47.3908141, -2.4251867",,https://piriac-immobilier.fr/fr/maison-vente-saint-molf-44-172533664.html,piriac-immobilier.fr
STM-857,325000,maison,Saint Molf,69,4,2,PIRIAC IMMOBILIER,Piriac Immobilier,0240235856,,"47.3908141, -2.4251867",,https://piriac-immobilier.fr/fr/maison-vente-saint-molf-44-170644441.html,piriac-immobilier.fr
STM-1121,115500,terrain,Guerande,446,,,PIRIAC IMMOBILIER,Piriac Immobilier,0240235856,,"47.3278182, -2.4294169",,https://piriac-immobilier.fr/fr/terrain-vente-guerande-44-172097167.html,piriac-immobilier.fr
S-520,199390,terrain,Piriac Sur Mer,656,,,PIRIAC IMMOBILIER,Piriac Immobilier,0240235856,,"47.3807108, -2.545705",,https://piriac-immobilier.fr/fr/terrain-vente-piriac-sur-mer-44-169869156.html,piriac-immobilier.fr
OC-996,259500,terrain,Piriac Sur Mer,500,,,PIRIAC IMMOBILIER,Piriac Immobilier,0617361666,,"47.3807108, -2.545705",,https://piriac-immobilier.fr/fr/terrain-vente-piriac-sur-mer-44-169770848.html,piriac-immobilier.fr
PI-1152,241000,terrain,Piriac Sur Mer,598,,,PIRIAC IMMOBILIER,Piriac Immobilier,0240235856,,"47.3807108, -2.545705",,https://piriac-immobilier.fr/fr/terrain-vente-piriac-sur-mer-44-172697381.html,piriac-immobilier.fr
STM-449,210000,terrain,Saint Molf,1167,,,PIRIAC IMMOBILIER,Piriac Immobilier,0240235856,,"47.3908141, -2.4251867",,https://piriac-immobilier.fr/fr/terrain-vente-saint-molf-44-166715413.html,piriac-immobilier.fr
STM-815,94500,terrain,Saint Molf,264,,,PIRIAC IMMOBILIER,Piriac Immobilier,0240235856,,"47.3908141, -2.4251867",,https://piriac-immobilier.fr/fr/terrain-vente-saint-molf-44-167597453.html,piriac-immobilier.fr
STM-817,178500,terrain,Saint Molf,820,,,PIRIAC IMMOBILIER,Piriac Immobilier,0240235856,,"47.3908141, -2.4251867",,https://piriac-immobilier.fr/fr/terrain-vente-saint-molf-44-167597454.html,piriac-immobilier.fr
STM-820,115500,terrain,Saint Molf,325,,,PIRIAC IMMOBILIER,Piriac Immobilier,0240235856,,"47.3908141, -2.4251867",,https://piriac-immobilier.fr/fr/terrain-vente-saint-molf-44-167597455.html,piriac-immobilier.fr
STM-825,89250,terrain,Saint Molf,220,,,PIRIAC IMMOBILIER,Piriac Immobilier,0240235856,,"47.3908141, -2.4251867",,https://piriac-immobilier.fr/fr/terrain-vente-saint-molf-44-167597457.html,piriac-immobilier.fr
STM-824,95550,terrain,Saint Molf,272,,,PIRIAC IMMOBILIER,Piriac Immobilier,0240235856,,"47.3908141, -2.4251867",,https://piriac-immobilier.fr/fr/terrain-vente-saint-molf-44-167597456.html,piriac-immobilier.fr
STM-926,189000,terrain,Saint Molf,663,,,PIRIAC IMMOBILIER,Piriac Immobilier,0240235856,,"47.3908141, -2.4251867",,https://piriac-immobilier.fr/fr/terrain-vente-saint-molf-44-168892327.html,piriac-immobilier.fr
STM-924,189000,terrain,Saint Molf,660,,,PIRIAC IMMOBILIER,Piriac Immobilier,0240235856,,"47.3908141, -2.4251867",,https://piriac-immobilier.fr/fr/terrain-vente-saint-molf-44-168892326.html,piriac-immobilier.fr
STM-818,162750,terrain,Saint Molf,580,,,PIRIAC IMMOBILIER,Piriac Immobilier,0240235856,,"47.3908141, -2.4251867",,https://piriac-immobilier.fr/fr/terrain-vente-saint-molf-44-168968938.html,piriac-immobilier.fr
STM-814,94500,terrain,Saint Molf,265,,,PIRIAC IMMOBILIER,Piriac Immobilier,0240235856,,"47.3908141, -2.4251867",,https://piriac-immobilier.fr/fr/terrain-vente-saint-molf-44-168968936.html,piriac-immobilier.fr
STM-821,108150,terrain,Saint Molf,290,,,PIRIAC IMMOBILIER,Piriac Immobilier,0240235856,,"47.3908141, -2.4251867",,https://piriac-immobilier.fr/fr/terrain-vente-saint-molf-44-168968939.html,piriac-immobilier.fr
STM-822,118650,terrain,Saint Molf,361,,,PIRIAC IMMOBILIER,Piriac Immobilier,0240235856,,"47.3908141, -2.4251867",,https://piriac-immobilier.fr/fr/terrain-vente-saint-molf-44-168968940.html,piriac-immobilier.fr
STM-823,159600,terrain,Saint Molf,504,,,PIRIAC IMMOBILIER,Piriac Immobilier,0240235856,,"47.3908141, -2.4251867",,https://piriac-immobilier.fr/fr/terrain-vente-saint-molf-44-168968941.html,piriac-immobilier.fr
STM-826,110250,terrain,Saint Molf,294,,,PIRIAC IMMOBILIER,Piriac Immobilier,0240235856,,"47.3908141, -2.4251867",,https://piriac-immobilier.fr/fr/terrain-vente-saint-molf-44-168968942.html,piriac-immobilier.fr
STM-666,84000,terrain,Saint Molf,499,,,PIRIAC IMMOBILIER,Piriac Immobilier,0240235856,,"47.3908141, -2.4251867",,https://piriac-immobilier.fr/fr/terrain-vente-saint-molf-44-170349268.html,piriac-immobilier.fr
STM-819,162750,terrain,Saint Molf,580,,,PIRIAC IMMOBILIER,Piriac Immobilier,0240235856,,"47.3908141, -2.4251867",,https://piriac-immobilier.fr/fr/terrain-vente-saint-molf-44-170339306.html,piriac-immobilier.fr
OC-1143,210000,terrain,Saint Molf,1291,,,PIRIAC IMMOBILIER,Piriac Immobilier,0240235856,,"47.3908141, -2.4251867",,https://piriac-immobilier.fr/fr/terrain-vente-saint-molf-44-172467335.html,piriac-immobilier.fr
